admission_number,exam_name,subject_code,max_marks,marks_obtained,grade,exam_date,academic_year
STU20240001,Midterm,MATH10,100,50,C,10-09-2024,2024-25
STU20240002,Midterm,MATH10,100,51,C,10-09-2024,2024-25
STU20240003,Midterm,MATH10,100,52,C,10-09-2024,2024-25
STU20240004,Midterm,MATH10,100,53,C,10-09-2024,2024-25
STU20240005,Midterm,MATH10,100,54,C,10-09-2024,2024-25
STU20240006,Midterm,MATH10,100,55,C,10-09-2024,2024-25
STU20240007,Midterm,MATH10,100,56,C,10-09-2024,2024-25
STU20240008,Midterm,MATH10,100,57,C,10-09-2024,2024-25
STU20240009,Midterm,MATH10,100,58,C,10-09-2024,2024-25
STU20240010,Midterm,MATH10,100,59,C,10-09-2024,2024-25
STU20240011,Midterm,MATH10,100,60,B,10-09-2024,2024-25
STU20240012,Midterm,MATH10,100,61,B,10-09-2024,2024-25
STU20240013,Midterm,MATH10,100,62,B,10-09-2024,2024-25
STU20240014,Midterm,MATH10,100,63,B,10-09-2024,2024-25
STU20240015,Midterm,MATH10,100,64,B,10-09-2024,2024-25
STU20240016,Midterm,MATH10,100,65,B,10-09-2024,2024-25
STU20240017,Midterm,MATH10,100,66,B,10-09-2024,2024-25
STU20240018,Midterm,MATH10,100,67,B,10-09-2024,2024-25
STU20240019,Midterm,MATH10,100,68,B,10-09-2024,2024-25
STU20240020,Midterm,MATH10,100,69,B,10-09-2024,2024-25
STU20240021,Midterm,MATH10,100,70,B+,10-09-2024,2024-25
STU20240022,Midterm,MATH10,100,71,B+,10-09-2024,2024-25
STU20240023,Midterm,MATH10,100,72,B+,10-09-2024,2024-25
STU20240024,Midterm,MATH10,100,73,B+,10-09-2024,2024-25
STU20240025,Midterm,MATH10,100,74,B+,10-09-2024,2024-25
STU20240026,Midterm,MATH10,100,75,B+,10-09-2024,2024-25
STU20240027,Midterm,MATH10,100,76,B+,10-09-2024,2024-25
STU20240028,Midterm,MATH10,100,77,B+,10-09-2024,2024-25
STU20240029,Midterm,MATH10,100,78,B+,10-09-2024,2024-25
STU20240030,Midterm,MATH10,100,79,B+,10-09-2024,2024-25
STU20240031,Midterm,MATH10,100,80,A,10-09-2024,2024-25
STU20240032,Midterm,MATH10,100,81,A,10-09-2024,2024-25
STU20240033,Midterm,MATH10,100,82,A,10-09-2024,2024-25
STU20240034,Midterm,MATH10,100,83,A,10-09-2024,2024-25
STU20240035,Midterm,MATH10,100,84,A,10-09-2024,2024-25
STU20240036,Midterm,MATH10,100,85,A,10-09-2024,2024-25
STU20240037,Midterm,MATH10,100,86,A,10-09-2024,2024-25
STU20240038,Midterm,MATH10,100,87,A,10-09-2024,2024-25
STU20240039,Midterm,MATH10,100,88,A,10-09-2024,2024-25
STU20240040,Midterm,MATH10,100,89,A,10-09-2024,2024-25
STU20240041,Midterm,MATH10,100,90,A+,10-09-2024,2024-25
STU20240042,Midterm,MATH10,100,91,A+,10-09-2024,2024-25
STU20240043,Midterm,MATH10,100,92,A+,10-09-2024,2024-25
STU20240044,Midterm,MATH10,100,93,A+,10-09-2024,2024-25
STU20240045,Midterm,MATH10,100,94,A+,10-09-2024,2024-25
STU20240046,Midterm,MATH10,100,95,A+,10-09-2024,2024-25
STU20240047,Midterm,MATH10,100,96,A+,10-09-2024,2024-25
STU20240048,Midterm,MATH10,100,97,A+,10-09-2024,2024-25
STU20240049,Midterm,MATH10,100,98,A+,10-09-2024,2024-25
STU20240050,Midterm,MATH10,100,99,A+,10-09-2024,2024-25
STU20240051,Midterm,MATH10,100,100,A+,10-09-2024,2024-25
STU20240052,Midterm,MATH10,100,50,C,10-09-2024,2024-25
STU20240053,Midterm,MATH10,100,51,C,10-09-2024,2024-25
STU20240054,Midterm,MATH10,100,52,C,10-09-2024,2024-25
STU20240055,Midterm,MATH10,100,53,C,10-09-2024,2024-25
STU20240056,Midterm,MATH10,100,54,C,10-09-2024,2024-25
STU20240057,Midterm,MATH10,100,55,C,10-09-2024,2024-25
STU20240058,Midterm,MATH10,100,56,C,10-09-2024,2024-25
STU20240059,Midterm,MATH10,100,57,C,10-09-2024,2024-25
STU20240060,Midterm,MATH10,100,58,C,10-09-2024,2024-25
STU20240061,Midterm,MATH10,100,59,C,10-09-2024,2024-25
STU20240062,Midterm,MATH10,100,60,B,10-09-2024,2024-25
STU20240063,Midterm,MATH10,100,61,B,10-09-2024,2024-25
STU20240064,Midterm,MATH10,100,62,B,10-09-2024,2024-25
STU20240065,Midterm,MATH10,100,63,B,10-09-2024,2024-25
STU20240066,Midterm,MATH10,100,64,B,10-09-2024,2024-25
STU20240067,Midterm,MATH10,100,65,B,10-09-2024,2024-25
STU20240068,Midterm,MATH10,100,66,B,10-09-2024,2024-25
STU20240069,Midterm,MATH10,100,67,B,10-09-2024,2024-25
STU20240070,Midterm,MATH10,100,68,B,10-09-2024,2024-25
STU20240071,Midterm,MATH10,100,69,B,10-09-2024,2024-25
STU20240072,Midterm,MATH10,100,70,B+,10-09-2024,2024-25
STU20240073,Midterm,MATH10,100,71,B+,10-09-2024,2024-25
STU20240074,Midterm,MATH10,100,72,B+,10-09-2024,2024-25
STU20240075,Midterm,MATH10,100,73,B+,10-09-2024,2024-25
STU20240076,Midterm,MATH10,100,74,B+,10-09-2024,2024-25
STU20240077,Midterm,MATH10,100,75,B+,10-09-2024,2024-25
STU20240078,Midterm,MATH10,100,76,B+,10-09-2024,2024-25
STU20240079,Midterm,MATH10,100,77,B+,10-09-2024,2024-25
STU20240080,Midterm,MATH10,100,78,B+,10-09-2024,2024-25
STU20240081,Midterm,MATH10,100,79,B+,10-09-2024,2024-25
STU20240082,Midterm,MATH10,100,80,A,10-09-2024,2024-25
STU20240083,Midterm,MATH10,100,81,A,10-09-2024,2024-25
STU20240084,Midterm,MATH10,100,82,A,10-09-2024,2024-25
STU20240085,Midterm,MATH10,100,83,A,10-09-2024,2024-25
STU20240086,Midterm,MATH10,100,84,A,10-09-2024,2024-25
STU20240087,Midterm,MATH10,100,85,A,10-09-2024,2024-25
STU20240088,Midterm,MATH10,100,86,A,10-09-2024,2024-25
STU20240089,Midterm,MATH10,100,87,A,10-09-2024,2024-25
STU20240090,Midterm,MATH10,100,88,A,10-09-2024,2024-25
STU20240091,Midterm,MATH10,100,89,A,10-09-2024,2024-25
STU20240092,Midterm,MATH10,100,90,A+,10-09-2024,2024-25
STU20240093,Midterm,MATH10,100,91,A+,10-09-2024,2024-25
STU20240094,Midterm,MATH10,100,92,A+,10-09-2024,2024-25
STU20240095,Midterm,MATH10,100,93,A+,10-09-2024,2024-25
STU20240096,Midterm,MATH10,100,94,A+,10-09-2024,2024-25
STU20240097,Midterm,MATH10,100,95,A+,10-09-2024,2024-25
STU20240098,Midterm,MATH10,100,96,A+,10-09-2024,2024-25
STU20240099,Midterm,MATH10,100,97,A+,10-09-2024,2024-25
STU20240100,Midterm,MATH10,100,98,A+,10-09-2024,2024-25
STU20240101,Midterm,MATH10,100,99,A+,10-09-2024,2024-25
STU20240102,Midterm,MATH10,100,100,A+,10-09-2024,2024-25
STU20240103,Midterm,MATH10,100,50,C,10-09-2024,2024-25
STU20240104,Midterm,MATH10,100,51,C,10-09-2024,2024-25
STU20240105,Midterm,MATH10,100,52,C,10-09-2024,2024-25
STU20240106,Midterm,MATH10,100,53,C,10-09-2024,2024-25
STU20240107,Midterm,MATH10,100,54,C,10-09-2024,2024-25
STU20240108,Midterm,MATH10,100,55,C,10-09-2024,2024-25
STU20240109,Midterm,MATH10,100,56,C,10-09-2024,2024-25
STU20240110,Midterm,MATH10,100,57,C,10-09-2024,2024-25
STU20240111,Midterm,MATH10,100,58,C,10-09-2024,2024-25
STU20240112,Midterm,MATH10,100,59,C,10-09-2024,2024-25
STU20240113,Midterm,MATH10,100,60,B,10-09-2024,2024-25
STU20240114,Midterm,MATH10,100,61,B,10-09-2024,2024-25
STU20240115,Midterm,MATH10,100,62,B,10-09-2024,2024-25
STU20240116,Midterm,MATH10,100,63,B,10-09-2024,2024-25
STU20240117,Midterm,MATH10,100,64,B,10-09-2024,2024-25
STU20240118,Midterm,MATH10,100,65,B,10-09-2024,2024-25
STU20240119,Midterm,MATH10,100,66,B,10-09-2024,2024-25
STU20240120,Midterm,MATH10,100,67,B,10-09-2024,2024-25
STU20240121,Midterm,MATH10,100,68,B,10-09-2024,2024-25
STU20240122,Midterm,MATH10,100,69,B,10-09-2024,2024-25
STU20240123,Midterm,MATH10,100,70,B+,10-09-2024,2024-25
STU20240124,Midterm,MATH10,100,71,B+,10-09-2024,2024-25
STU20240125,Midterm,MATH10,100,72,B+,10-09-2024,2024-25
STU20240126,Midterm,MATH10,100,73,B+,10-09-2024,2024-25
STU20240127,Midterm,MATH10,100,74,B+,10-09-2024,2024-25
STU20240128,Midterm,MATH10,100,75,B+,10-09-2024,2024-25
STU20240129,Midterm,MATH10,100,76,B+,10-09-2024,2024-25
STU20240130,Midterm,MATH10,100,77,B+,10-09-2024,2024-25
STU20240131,Midterm,MATH10,100,78,B+,10-09-2024,2024-25
STU20240132,Midterm,MATH10,100,79,B+,10-09-2024,2024-25
STU20240133,Midterm,MATH10,100,80,A,10-09-2024,2024-25
STU20240134,Midterm,MATH10,100,81,A,10-09-2024,2024-25
STU20240135,Midterm,MATH10,100,82,A,10-09-2024,2024-25
STU20240136,Midterm,MATH10,100,83,A,10-09-2024,2024-25
STU20240137,Midterm,MATH10,100,84,A,10-09-2024,2024-25
STU20240138,Midterm,MATH10,100,85,A,10-09-2024,2024-25
STU20240139,Midterm,MATH10,100,86,A,10-09-2024,2024-25
STU20240140,Midterm,MATH10,100,87,A,10-09-2024,2024-25
STU20240141,Midterm,MATH10,100,88,A,10-09-2024,2024-25
STU20240142,Midterm,MATH10,100,89,A,10-09-2024,2024-25
STU20240143,Midterm,MATH10,100,90,A+,10-09-2024,2024-25
STU20240144,Midterm,MATH10,100,91,A+,10-09-2024,2024-25
STU20240145,Midterm,MATH10,100,92,A+,10-09-2024,2024-25
STU20240146,Midterm,MATH10,100,93,A+,10-09-2024,2024-25
STU20240147,Midterm,MATH10,100,94,A+,10-09-2024,2024-25
STU20240148,Midterm,MATH10,100,95,A+,10-09-2024,2024-25
STU20240149,Midterm,MATH10,100,96,A+,10-09-2024,2024-25
STU20240150,Midterm,MATH10,100,97,A+,10-09-2024,2024-25
STU20240151,Midterm,MATH10,100,98,A+,10-09-2024,2024-25
STU20240152,Midterm,MATH10,100,99,A+,10-09-2024,2024-25
STU20240153,Midterm,MATH10,100,100,A+,10-09-2024,2024-25
STU20240154,Midterm,MATH10,100,50,C,10-09-2024,2024-25
STU20240155,Midterm,MATH10,100,51,C,10-09-2024,2024-25
STU20240156,Midterm,MATH10,100,52,C,10-09-2024,2024-25
STU20240157,Midterm,MATH10,100,53,C,10-09-2024,2024-25
STU20240158,Midterm,MATH10,100,54,C,10-09-2024,2024-25
STU20240159,Midterm,MATH10,100,55,C,10-09-2024,2024-25
STU20240160,Midterm,MATH10,100,56,C,10-09-2024,2024-25
STU20240161,Midterm,MATH10,100,57,C,10-09-2024,2024-25
STU20240162,Midterm,MATH10,100,58,C,10-09-2024,2024-25
STU20240163,Midterm,MATH10,100,59,C,10-09-2024,2024-25
STU20240164,Midterm,MATH10,100,60,B,10-09-2024,2024-25
STU20240165,Midterm,MATH10,100,61,B,10-09-2024,2024-25
STU20240166,Midterm,MATH10,100,62,B,10-09-2024,2024-25
STU20240167,Midterm,MATH10,100,63,B,10-09-2024,2024-25
STU20240168,Midterm,MATH10,100,64,B,10-09-2024,2024-25
STU20240169,Midterm,MATH10,100,65,B,10-09-2024,2024-25
STU20240170,Midterm,MATH10,100,66,B,10-09-2024,2024-25
STU20240171,Midterm,MATH10,100,67,B,10-09-2024,2024-25
STU20240172,Midterm,MATH10,100,68,B,10-09-2024,2024-25
STU20240173,Midterm,MATH10,100,69,B,10-09-2024,2024-25
STU20240174,Midterm,MATH10,100,70,B+,10-09-2024,2024-25
STU20240175,Midterm,MATH10,100,71,B+,10-09-2024,2024-25
STU20240176,Midterm,MATH10,100,72,B+,10-09-2024,2024-25
STU20240177,Midterm,MATH10,100,73,B+,10-09-2024,2024-25
STU20240178,Midterm,MATH10,100,74,B+,10-09-2024,2024-25
STU20240179,Midterm,MATH10,100,75,B+,10-09-2024,2024-25
STU20240180,Midterm,MATH10,100,76,B+,10-09-2024,2024-25
STU20240181,Midterm,MATH10,100,77,B+,10-09-2024,2024-25
STU20240182,Midterm,MATH10,100,78,B+,10-09-2024,2024-25
STU20240183,Midterm,MATH10,100,79,B+,10-09-2024,2024-25
STU20240184,Midterm,MATH10,100,80,A,10-09-2024,2024-25
STU20240185,Midterm,MATH10,100,81,A,10-09-2024,2024-25
STU20240186,Midterm,MATH10,100,82,A,10-09-2024,2024-25
STU20240187,Midterm,MATH10,100,83,A,10-09-2024,2024-25
STU20240188,Midterm,MATH10,100,84,A,10-09-2024,2024-25
STU20240189,Midterm,MATH10,100,85,A,10-09-2024,2024-25
STU20240190,Midterm,MATH10,100,86,A,10-09-2024,2024-25
STU20240191,Midterm,MATH10,100,87,A,10-09-2024,2024-25
STU20240192,Midterm,MATH10,100,88,A,10-09-2024,2024-25
STU20240193,Midterm,MATH10,100,89,A,10-09-2024,2024-25
STU20240194,Midterm,MATH10,100,90,A+,10-09-2024,2024-25
STU20240195,Midterm,MATH10,100,91,A+,10-09-2024,2024-25
STU20240196,Midterm,MATH10,100,92,A+,10-09-2024,2024-25
STU20240197,Midterm,MATH10,100,93,A+,10-09-2024,2024-25
STU20240198,Midterm,MATH10,100,94,A+,10-09-2024,2024-25
STU20240199,Midterm,MATH10,100,95,A+,10-09-2024,2024-25
STU20240200,Midterm,MATH10,100,96,A+,10-09-2024,2024-25
STU20240201,Midterm,MATH10,100,97,A+,10-09-2024,2024-25
STU20240202,Midterm,MATH10,100,98,A+,10-09-2024,2024-25
STU20240203,Midterm,MATH10,100,99,A+,10-09-2024,2024-25
STU20240204,Midterm,MATH10,100,100,A+,10-09-2024,2024-25
STU20240205,Midterm,MATH10,100,50,C,10-09-2024,2024-25
STU20240206,Midterm,MATH10,100,51,C,10-09-2024,2024-25
STU20240207,Midterm,MATH10,100,52,C,10-09-2024,2024-25
STU20240208,Midterm,MATH10,100,53,C,10-09-2024,2024-25
STU20240209,Midterm,MATH10,100,54,C,10-09-2024,2024-25
STU20240210,Midterm,MATH10,100,55,C,10-09-2024,2024-25
STU20240211,Midterm,MATH10,100,56,C,10-09-2024,2024-25
STU20240212,Midterm,MATH10,100,57,C,10-09-2024,2024-25
STU20240213,Midterm,MATH10,100,58,C,10-09-2024,2024-25
STU20240214,Midterm,MATH10,100,59,C,10-09-2024,2024-25
STU20240215,Midterm,MATH10,100,60,B,10-09-2024,2024-25
STU20240216,Midterm,MATH10,100,61,B,10-09-2024,2024-25
STU20240217,Midterm,MATH10,100,62,B,10-09-2024,2024-25
STU20240218,Midterm,MATH10,100,63,B,10-09-2024,2024-25
STU20240219,Midterm,MATH10,100,64,B,10-09-2024,2024-25
STU20240220,Midterm,MATH10,100,65,B,10-09-2024,2024-25
STU20240221,Midterm,MATH10,100,66,B,10-09-2024,2024-25
STU20240222,Midterm,MATH10,100,67,B,10-09-2024,2024-25
STU20240223,Midterm,MATH10,100,68,B,10-09-2024,2024-25
STU20240224,Midterm,MATH10,100,69,B,10-09-2024,2024-25
STU20240225,Midterm,MATH10,100,70,B+,10-09-2024,2024-25
STU20240226,Midterm,MATH10,100,71,B+,10-09-2024,2024-25
STU20240227,Midterm,MATH10,100,72,B+,10-09-2024,2024-25
STU20240228,Midterm,MATH10,100,73,B+,10-09-2024,2024-25
STU20240229,Midterm,MATH10,100,74,B+,10-09-2024,2024-25
STU20240230,Midterm,MATH10,100,75,B+,10-09-2024,2024-25
STU20240231,Midterm,MATH10,100,76,B+,10-09-2024,2024-25
STU20240232,Midterm,MATH10,100,77,B+,10-09-2024,2024-25
STU20240233,Midterm,MATH10,100,78,B+,10-09-2024,2024-25
STU20240234,Midterm,MATH10,100,79,B+,10-09-2024,2024-25
STU20240235,Midterm,MATH10,100,80,A,10-09-2024,2024-25
STU20240236,Midterm,MATH10,100,81,A,10-09-2024,2024-25
STU20240237,Midterm,MATH10,100,82,A,10-09-2024,2024-25
STU20240238,Midterm,MATH10,100,83,A,10-09-2024,2024-25
STU20240239,Midterm,MATH10,100,84,A,10-09-2024,2024-25
STU20240240,Midterm,MATH10,100,85,A,10-09-2024,2024-25
STU20240241,Midterm,MATH10,100,86,A,10-09-2024,2024-25
STU20240242,Midterm,MATH10,100,87,A,10-09-2024,2024-25
STU20240243,Midterm,MATH10,100,88,A,10-09-2024,2024-25
STU20240244,Midterm,MATH10,100,89,A,10-09-2024,2024-25
STU20240245,Midterm,MATH10,100,90,A+,10-09-2024,2024-25
STU20240246,Midterm,MATH10,100,91,A+,10-09-2024,2024-25
STU20240247,Midterm,MATH10,100,92,A+,10-09-2024,2024-25
STU20240248,Midterm,MATH10,100,93,A+,10-09-2024,2024-25
STU20240249,Midterm,MATH10,100,94,A+,10-09-2024,2024-25
STU20240250,Midterm,MATH10,100,95,A+,10-09-2024,2024-25
STU20240251,Midterm,MATH10,100,96,A+,10-09-2024,2024-25
STU20240252,Midterm,MATH10,100,97,A+,10-09-2024,2024-25
STU20240253,Midterm,MATH10,100,98,A+,10-09-2024,2024-25
STU20240254,Midterm,MATH10,100,99,A+,10-09-2024,2024-25
STU20240255,Midterm,MATH10,100,100,A+,10-09-2024,2024-25
STU20240256,Midterm,MATH10,100,50,C,10-09-2024,2024-25
STU20240257,Midterm,MATH10,100,51,C,10-09-2024,2024-25
STU20240258,Midterm,MATH10,100,52,C,10-09-2024,2024-25
STU20240259,Midterm,MATH10,100,53,C,10-09-2024,2024-25
STU20240260,Midterm,MATH10,100,54,C,10-09-2024,2024-25
STU20240261,Midterm,MATH10,100,55,C,10-09-2024,2024-25
STU20240262,Midterm,MATH10,100,56,C,10-09-2024,2024-25
STU20240263,Midterm,MATH10,100,57,C,10-09-2024,2024-25
STU20240264,Midterm,MATH10,100,58,C,10-09-2024,2024-25
STU20240265,Midterm,MATH10,100,59,C,10-09-2024,2024-25
STU20240266,Midterm,MATH10,100,60,B,10-09-2024,2024-25
STU20240267,Midterm,MATH10,100,61,B,10-09-2024,2024-25
STU20240268,Midterm,MATH10,100,62,B,10-09-2024,2024-25
STU20240269,Midterm,MATH10,100,63,B,10-09-2024,2024-25
STU20240270,Midterm,MATH10,100,64,B,10-09-2024,2024-25
STU20240271,Midterm,MATH10,100,65,B,10-09-2024,2024-25
STU20240272,Midterm,MATH10,100,66,B,10-09-2024,2024-25
STU20240273,Midterm,MATH10,100,67,B,10-09-2024,2024-25
STU20240274,Midterm,MATH10,100,68,B,10-09-2024,2024-25
STU20240275,Midterm,MATH10,100,69,B,10-09-2024,2024-25
STU20240276,Midterm,MATH10,100,70,B+,10-09-2024,2024-25
STU20240277,Midterm,MATH10,100,71,B+,10-09-2024,2024-25
STU20240278,Midterm,MATH10,100,72,B+,10-09-2024,2024-25
STU20240279,Midterm,MATH10,100,73,B+,10-09-2024,2024-25
STU20240280,Midterm,MATH10,100,74,B+,10-09-2024,2024-25
STU20240281,Midterm,MATH10,100,75,B+,10-09-2024,2024-25
STU20240282,Midterm,MATH10,100,76,B+,10-09-2024,2024-25
STU20240283,Midterm,MATH10,100,77,B+,10-09-2024,2024-25
STU20240284,Midterm,MATH10,100,78,B+,10-09-2024,2024-25
STU20240285,Midterm,MATH10,100,79,B+,10-09-2024,2024-25
STU20240286,Midterm,MATH10,100,80,A,10-09-2024,2024-25
STU20240287,Midterm,MATH10,100,81,A,10-09-2024,2024-25
STU20240288,Midterm,MATH10,100,82,A,10-09-2024,2024-25
STU20240289,Midterm,MATH10,100,83,A,10-09-2024,2024-25
STU20240290,Midterm,MATH10,100,84,A,10-09-2024,2024-25
STU20240291,Midterm,MATH10,100,85,A,10-09-2024,2024-25
STU20240292,Midterm,MATH10,100,86,A,10-09-2024,2024-25
STU20240293,Midterm,MATH10,100,87,A,10-09-2024,2024-25
STU20240294,Midterm,MATH10,100,88,A,10-09-2024,2024-25
STU20240295,Midterm,MATH10,100,89,A,10-09-2024,2024-25
STU20240296,Midterm,MATH10,100,90,A+,10-09-2024,2024-25
STU20240297,Midterm,MATH10,100,91,A+,10-09-2024,2024-25
STU20240298,Midterm,MATH10,100,92,A+,10-09-2024,2024-25
STU20240299,Midterm,MATH10,100,93,A+,10-09-2024,2024-25
STU20240300,Midterm,MATH10,100,94,A+,10-09-2024,2024-25
STU20240301,Midterm,MATH10,100,95,A+,10-09-2024,2024-25
STU20240302,Midterm,MATH10,100,96,A+,10-09-2024,2024-25
STU20240303,Midterm,MATH10,100,97,A+,10-09-2024,2024-25
STU20240304,Midterm,MATH10,100,98,A+,10-09-2024,2024-25
STU20240305,Midterm,MATH10,100,99,A+,10-09-2024,2024-25
STU20240306,Midterm,MATH10,100,100,A+,10-09-2024,2024-25
STU20240307,Midterm,MATH10,100,50,C,10-09-2024,2024-25
STU20240308,Midterm,MATH10,100,51,C,10-09-2024,2024-25
STU20240309,Midterm,MATH10,100,52,C,10-09-2024,2024-25
STU20240310,Midterm,MATH10,100,53,C,10-09-2024,2024-25
STU20240311,Midterm,MATH10,100,54,C,10-09-2024,2024-25
STU20240312,Midterm,MATH10,100,55,C,10-09-2024,2024-25
STU20240313,Midterm,MATH10,100,56,C,10-09-2024,2024-25
STU20240314,Midterm,MATH10,100,57,C,10-09-2024,2024-25
STU20240315,Midterm,MATH10,100,58,C,10-09-2024,2024-25
STU20240316,Midterm,MATH10,100,59,C,10-09-2024,2024-25
STU20240317,Midterm,MATH10,100,60,B,10-09-2024,2024-25
STU20240318,Midterm,MATH10,100,61,B,10-09-2024,2024-25
STU20240319,Midterm,MATH10,100,62,B,10-09-2024,2024-25
STU20240320,Midterm,MATH10,100,63,B,10-09-2024,2024-25
STU20240321,Midterm,MATH10,100,64,B,10-09-2024,2024-25
STU20240322,Midterm,MATH10,100,65,B,10-09-2024,2024-25
STU20240323,Midterm,MATH10,100,66,B,10-09-2024,2024-25
STU20240324,Midterm,MATH10,100,67,B,10-09-2024,2024-25
STU20240325,Midterm,MATH10,100,68,B,10-09-2024,2024-25
STU20240326,Midterm,MATH10,100,69,B,10-09-2024,2024-25
STU20240327,Midterm,MATH10,100,70,B+,10-09-2024,2024-25
STU20240328,Midterm,MATH10,100,71,B+,10-09-2024,2024-25
STU20240329,Midterm,MATH10,100,72,B+,10-09-2024,2024-25
STU20240330,Midterm,MATH10,100,73,B+,10-09-2024,2024-25
STU20240331,Midterm,MATH10,100,74,B+,10-09-2024,2024-25
STU20240332,Midterm,MATH10,100,75,B+,10-09-2024,2024-25
STU20240333,Midterm,MATH10,100,76,B+,10-09-2024,2024-25
STU20240334,Midterm,MATH10,100,77,B+,10-09-2024,2024-25
STU20240335,Midterm,MATH10,100,78,B+,10-09-2024,2024-25
STU20240336,Midterm,MATH10,100,79,B+,10-09-2024,2024-25
STU20240337,Midterm,MATH10,100,80,A,10-09-2024,2024-25
STU20240338,Midterm,MATH10,100,81,A,10-09-2024,2024-25
STU20240339,Midterm,MATH10,100,82,A,10-09-2024,2024-25
STU20240340,Midterm,MATH10,100,83,A,10-09-2024,2024-25
STU20240341,Midterm,MATH10,100,84,A,10-09-2024,2024-25
STU20240342,Midterm,MATH10,100,85,A,10-09-2024,2024-25
STU20240343,Midterm,MATH10,100,86,A,10-09-2024,2024-25
STU20240344,Midterm,MATH10,100,87,A,10-09-2024,2024-25
STU20240345,Midterm,MATH10,100,88,A,10-09-2024,2024-25
STU20240346,Midterm,MATH10,100,89,A,10-09-2024,2024-25
STU20240347,Midterm,MATH10,100,90,A+,10-09-2024,2024-25
STU20240348,Midterm,MATH10,100,91,A+,10-09-2024,2024-25
STU20240349,Midterm,MATH10,100,92,A+,10-09-2024,2024-25
STU20240350,Midterm,MATH10,100,93,A+,10-09-2024,2024-25
STU20240351,Midterm,MATH10,100,94,A+,10-09-2024,2024-25
STU20240352,Midterm,MATH10,100,95,A+,10-09-2024,2024-25
STU20240353,Midterm,MATH10,100,96,A+,10-09-2024,2024-25
STU20240354,Midterm,MATH10,100,97,A+,10-09-2024,2024-25
STU20240355,Midterm,MATH10,100,98,A+,10-09-2024,2024-25
STU20240356,Midterm,MATH10,100,99,A+,10-09-2024,2024-25
STU20240357,Midterm,MATH10,100,100,A+,10-09-2024,2024-25
STU20240358,Midterm,MATH10,100,50,C,10-09-2024,2024-25
STU20240359,Midterm,MATH10,100,51,C,10-09-2024,2024-25
STU20240360,Midterm,MATH10,100,52,C,10-09-2024,2024-25
STU20240361,Midterm,MATH10,100,53,C,10-09-2024,2024-25
STU20240362,Midterm,MATH10,100,54,C,10-09-2024,2024-25
STU20240363,Midterm,MATH10,100,55,C,10-09-2024,2024-25
STU20240364,Midterm,MATH10,100,56,C,10-09-2024,2024-25
STU20240365,Midterm,MATH10,100,57,C,10-09-2024,2024-25
STU20240366,Midterm,MATH10,100,58,C,10-09-2024,2024-25
STU20240367,Midterm,MATH10,100,59,C,10-09-2024,2024-25
STU20240368,Midterm,MATH10,100,60,B,10-09-2024,2024-25
STU20240369,Midterm,MATH10,100,61,B,10-09-2024,2024-25
STU20240370,Midterm,MATH10,100,62,B,10-09-2024,2024-25
STU20240371,Midterm,MATH10,100,63,B,10-09-2024,2024-25
STU20240372,Midterm,MATH10,100,64,B,10-09-2024,2024-25
STU20240373,Midterm,MATH10,100,65,B,10-09-2024,2024-25
STU20240374,Midterm,MATH10,100,66,B,10-09-2024,2024-25
STU20240375,Midterm,MATH10,100,67,B,10-09-2024,2024-25
STU20240376,Midterm,MATH10,100,68,B,10-09-2024,2024-25
STU20240377,Midterm,MATH10,100,69,B,10-09-2024,2024-25
STU20240378,Midterm,MATH10,100,70,B+,10-09-2024,2024-25
STU20240379,Midterm,MATH10,100,71,B+,10-09-2024,2024-25
STU20240380,Midterm,MATH10,100,72,B+,10-09-2024,2024-25
STU20240381,Midterm,MATH10,100,73,B+,10-09-2024,2024-25
STU20240382,Midterm,MATH10,100,74,B+,10-09-2024,2024-25
STU20240383,Midterm,MATH10,100,75,B+,10-09-2024,2024-25
STU20240384,Midterm,MATH10,100,76,B+,10-09-2024,2024-25
STU20240385,Midterm,MATH10,100,77,B+,10-09-2024,2024-25
STU20240386,Midterm,MATH10,100,78,B+,10-09-2024,2024-25
STU20240387,Midterm,MATH10,100,79,B+,10-09-2024,2024-25
STU20240388,Midterm,MATH10,100,80,A,10-09-2024,2024-25
STU20240389,Midterm,MATH10,100,81,A,10-09-2024,2024-25
STU20240390,Midterm,MATH10,100,82,A,10-09-2024,2024-25
STU20240391,Midterm,MATH10,100,83,A,10-09-2024,2024-25
STU20240392,Midterm,MATH10,100,84,A,10-09-2024,2024-25
STU20240393,Midterm,MATH10,100,85,A,10-09-2024,2024-25
STU20240394,Midterm,MATH10,100,86,A,10-09-2024,2024-25
STU20240395,Midterm,MATH10,100,87,A,10-09-2024,2024-25
STU20240396,Midterm,MATH10,100,88,A,10-09-2024,2024-25
STU20240397,Midterm,MATH10,100,89,A,10-09-2024,2024-25
STU20240398,Midterm,MATH10,100,90,A+,10-09-2024,2024-25
STU20240399,Midterm,MATH10,100,91,A+,10-09-2024,2024-25
STU20240400,Midterm,MATH10,100,92,A+,10-09-2024,2024-25
STU20240401,Midterm,MATH10,100,93,A+,10-09-2024,2024-25
STU20240402,Midterm,MATH10,100,94,A+,10-09-2024,2024-25
STU20240403,Midterm,MATH10,100,95,A+,10-09-2024,2024-25
STU20240404,Midterm,MATH10,100,96,A+,10-09-2024,2024-25
STU20240405,Midterm,MATH10,100,97,A+,10-09-2024,2024-25
STU20240406,Midterm,MATH10,100,98,A+,10-09-2024,2024-25
STU20240407,Midterm,MATH10,100,99,A+,10-09-2024,2024-25
STU20240408,Midterm,MATH10,100,100,A+,10-09-2024,2024-25
STU20240409,Midterm,MATH10,100,50,C,10-09-2024,2024-25
STU20240410,Midterm,MATH10,100,51,C,10-09-2024,2024-25
STU20240411,Midterm,MATH10,100,52,C,10-09-2024,2024-25
STU20240412,Midterm,MATH10,100,53,C,10-09-2024,2024-25
STU20240413,Midterm,MATH10,100,54,C,10-09-2024,2024-25
STU20240414,Midterm,MATH10,100,55,C,10-09-2024,2024-25
STU20240415,Midterm,MATH10,100,56,C,10-09-2024,2024-25
STU20240416,Midterm,MATH10,100,57,C,10-09-2024,2024-25
STU20240417,Midterm,MATH10,100,58,C,10-09-2024,2024-25
STU20240418,Midterm,MATH10,100,59,C,10-09-2024,2024-25
STU20240419,Midterm,MATH10,100,60,B,10-09-2024,2024-25
STU20240420,Midterm,MATH10,100,61,B,10-09-2024,2024-25
STU20240421,Midterm,MATH10,100,62,B,10-09-2024,2024-25
STU20240422,Midterm,MATH10,100,63,B,10-09-2024,2024-25
STU20240423,Midterm,MATH10,100,64,B,10-09-2024,2024-25
STU20240424,Midterm,MATH10,100,65,B,10-09-2024,2024-25
STU20240425,Midterm,MATH10,100,66,B,10-09-2024,2024-25
STU20240426,Midterm,MATH10,100,67,B,10-09-2024,2024-25
STU20240427,Midterm,MATH10,100,68,B,10-09-2024,2024-25
STU20240428,Midterm,MATH10,100,69,B,10-09-2024,2024-25
STU20240429,Midterm,MATH10,100,70,B+,10-09-2024,2024-25
STU20240430,Midterm,MATH10,100,71,B+,10-09-2024,2024-25
STU20240431,Midterm,MATH10,100,72,B+,10-09-2024,2024-25
STU20240432,Midterm,MATH10,100,73,B+,10-09-2024,2024-25
STU20240433,Midterm,MATH10,100,74,B+,10-09-2024,2024-25
STU20240434,Midterm,MATH10,100,75,B+,10-09-2024,2024-25
STU20240435,Midterm,MATH10,100,76,B+,10-09-2024,2024-25
STU20240436,Midterm,MATH10,100,77,B+,10-09-2024,2024-25
STU20240437,Midterm,MATH10,100,78,B+,10-09-2024,2024-25
STU20240438,Midterm,MATH10,100,79,B+,10-09-2024,2024-25
STU20240439,Midterm,MATH10,100,80,A,10-09-2024,2024-25
STU20240440,Midterm,MATH10,100,81,A,10-09-2024,2024-25
STU20240441,Midterm,MATH10,100,82,A,10-09-2024,2024-25
STU20240442,Midterm,MATH10,100,83,A,10-09-2024,2024-25
STU20240443,Midterm,MATH10,100,84,A,10-09-2024,2024-25
STU20240444,Midterm,MATH10,100,85,A,10-09-2024,2024-25
STU20240445,Midterm,MATH10,100,86,A,10-09-2024,2024-25
STU20240446,Midterm,MATH10,100,87,A,10-09-2024,2024-25
STU20240447,Midterm,MATH10,100,88,A,10-09-2024,2024-25
STU20240448,Midterm,MATH10,100,89,A,10-09-2024,2024-25
STU20240449,Midterm,MATH10,100,90,A+,10-09-2024,2024-25
STU20240450,Midterm,MATH10,100,91,A+,10-09-2024,2024-25
STU20240451,Midterm,MATH10,100,92,A+,10-09-2024,2024-25
STU20240452,Midterm,MATH10,100,93,A+,10-09-2024,2024-25
STU20240453,Midterm,MATH10,100,94,A+,10-09-2024,2024-25
STU20240454,Midterm,MATH10,100,95,A+,10-09-2024,2024-25
STU20240455,Midterm,MATH10,100,96,A+,10-09-2024,2024-25
STU20240456,Midterm,MATH10,100,97,A+,10-09-2024,2024-25
STU20240457,Midterm,MATH10,100,98,A+,10-09-2024,2024-25
STU20240458,Midterm,MATH10,100,99,A+,10-09-2024,2024-25
STU20240459,Midterm,MATH10,100,100,A+,10-09-2024,2024-25
STU20240460,Midterm,MATH10,100,50,C,10-09-2024,2024-25
STU20240461,Midterm,MATH10,100,51,C,10-09-2024,2024-25
STU20240462,Midterm,MATH10,100,52,C,10-09-2024,2024-25
STU20240463,Midterm,MATH10,100,53,C,10-09-2024,2024-25
STU20240464,Midterm,MATH10,100,54,C,10-09-2024,2024-25
STU20240465,Midterm,MATH10,100,55,C,10-09-2024,2024-25
STU20240466,Midterm,MATH10,100,56,C,10-09-2024,2024-25
STU20240467,Midterm,MATH10,100,57,C,10-09-2024,2024-25
STU20240468,Midterm,MATH10,100,58,C,10-09-2024,2024-25
STU20240469,Midterm,MATH10,100,59,C,10-09-2024,2024-25
STU20240470,Midterm,MATH10,100,60,B,10-09-2024,2024-25
STU20240471,Midterm,MATH10,100,61,B,10-09-2024,2024-25
STU20240472,Midterm,MATH10,100,62,B,10-09-2024,2024-25
STU20240473,Midterm,MATH10,100,63,B,10-09-2024,2024-25
STU20240474,Midterm,MATH10,100,64,B,10-09-2024,2024-25
STU20240475,Midterm,MATH10,100,65,B,10-09-2024,2024-25
STU20240476,Midterm,MATH10,100,66,B,10-09-2024,2024-25
STU20240477,Midterm,MATH10,100,67,B,10-09-2024,2024-25
STU20240478,Midterm,MATH10,100,68,B,10-09-2024,2024-25
STU20240479,Midterm,MATH10,100,69,B,10-09-2024,2024-25
STU20240480,Midterm,MATH10,100,70,B+,10-09-2024,2024-25
STU20240481,Midterm,MATH10,100,71,B+,10-09-2024,2024-25
STU20240482,Midterm,MATH10,100,72,B+,10-09-2024,2024-25
STU20240483,Midterm,MATH10,100,73,B+,10-09-2024,2024-25
STU20240484,Midterm,MATH10,100,74,B+,10-09-2024,2024-25
STU20240485,Midterm,MATH10,100,75,B+,10-09-2024,2024-25
STU20240486,Midterm,MATH10,100,76,B+,10-09-2024,2024-25
STU20240487,Midterm,MATH10,100,77,B+,10-09-2024,2024-25
STU20240488,Midterm,MATH10,100,78,B+,10-09-2024,2024-25
STU20240489,Midterm,MATH10,100,79,B+,10-09-2024,2024-25
STU20240490,Midterm,MATH10,100,80,A,10-09-2024,2024-25
STU20240491,Midterm,MATH10,100,81,A,10-09-2024,2024-25
STU20240492,Midterm,MATH10,100,82,A,10-09-2024,2024-25
STU20240493,Midterm,MATH10,100,83,A,10-09-2024,2024-25
STU20240494,Midterm,MATH10,100,84,A,10-09-2024,2024-25
STU20240495,Midterm,MATH10,100,85,A,10-09-2024,2024-25
STU20240496,Midterm,MATH10,100,86,A,10-09-2024,2024-25
STU20240497,Midterm,MATH10,100,87,A,10-09-2024,2024-25
STU20240498,Midterm,MATH10,100,88,A,10-09-2024,2024-25
STU20240499,Midterm,MATH10,100,89,A,10-09-2024,2024-25
STU20240500,Midterm,MATH10,100,90,A+,10-09-2024,2024-25
