invoice_number,admission_number,fee_type,amount,due_date,invoice_date,academic_year,fee_allocation_id
INV-STU20240001-01,STU20240001,Tuition Fee,3000.00,28-11-2025,29-10-2025,2026-2027,1
INV-STU20240001-02,STU20240001,Tuition Fee,3500.00,05-11-2025,06-10-2025,2026-2027,1
INV-STU20240002-01,STU20240002,Tuition Fee,3000.00,24-11-2025,25-10-2025,2026-2027,2
INV-STU20240002-02,STU20240002,Tuition Fee,3500.00,18-09-2025,19-08-2025,2026-2027,2
INV-STU20240003-01,STU20240003,Tuition Fee,3000.00,16-09-2025,17-08-2025,2026-2027,3
INV-STU20240003-02,STU20240003,Tuition Fee,3500.00,12-09-2025,13-08-2025,2026-2027,3
INV-STU20240004-01,STU20240004,Tuition Fee,3000.00,24-10-2025,24-09-2025,2026-2027,4
INV-STU20240004-02,STU20240004,Tuition Fee,3500.00,14-12-2025,14-11-2025,2026-2027,4
INV-STU20240005-01,STU20240005,Tuition Fee,3000.00,18-09-2025,19-08-2025,2026-2027,5
INV-STU20240005-02,STU20240005,Tuition Fee,3500.00,25-01-2026,26-12-2025,2026-2027,5
INV-STU20240006-01,STU20240006,Tuition Fee,3000.00,10-09-2025,11-08-2025,2026-2027,6
INV-STU20240006-02,STU20240006,Tuition Fee,3500.00,05-11-2025,06-10-2025,2026-2027,6
INV-STU20240007-01,STU20240007,Tuition Fee,3000.00,05-01-2026,06-12-2025,2026-2027,7
INV-STU20240007-02,STU20240007,Tuition Fee,3500.00,30-12-2025,30-11-2025,2026-2027,7
INV-STU20240008-01,STU20240008,Tuition Fee,3000.00,20-01-2026,21-12-2025,2026-2027,8
INV-STU20240008-02,STU20240008,Tuition Fee,3500.00,14-11-2025,15-10-2025,2026-2027,8
INV-STU20240009-01,STU20240009,Tuition Fee,3000.00,19-10-2025,19-09-2025,2026-2027,9
INV-STU20240009-02,STU20240009,Tuition Fee,3500.00,19-12-2025,19-11-2025,2026-2027,9
INV-STU20240010-01,STU20240010,Tuition Fee,3000.00,03-10-2025,03-09-2025,2026-2027,10
INV-STU20240010-02,STU20240010,Tuition Fee,3500.00,15-12-2025,15-11-2025,2026-2027,10
INV-STU20240011-01,STU20240011,Tuition Fee,3000.00,19-12-2025,19-11-2025,2026-2027,11
INV-STU20240011-02,STU20240011,Tuition Fee,3500.00,24-10-2025,24-09-2025,2026-2027,11
INV-STU20240012-01,STU20240012,Tuition Fee,3000.00,01-09-2025,02-08-2025,2026-2027,12
INV-STU20240012-02,STU20240012,Tuition Fee,3500.00,30-09-2025,31-08-2025,2026-2027,12
INV-STU20240013-01,STU20240013,Tuition Fee,3000.00,18-09-2025,19-08-2025,2026-2027,13
INV-STU20240013-02,STU20240013,Tuition Fee,3500.00,23-11-2025,24-10-2025,2026-2027,13
INV-STU20240014-01,STU20240014,Tuition Fee,3000.00,26-11-2025,27-10-2025,2026-2027,14
INV-STU20240014-02,STU20240014,Tuition Fee,3500.00,13-11-2025,14-10-2025,2026-2027,14
INV-STU20240015-01,STU20240015,Tuition Fee,3000.00,21-10-2025,21-09-2025,2026-2027,15
INV-STU20240015-02,STU20240015,Tuition Fee,3500.00,16-10-2025,16-09-2025,2026-2027,15
INV-STU20240016-01,STU20240016,Tuition Fee,3000.00,27-09-2025,28-08-2025,2026-2027,16
INV-STU20240016-02,STU20240016,Tuition Fee,3500.00,05-01-2026,06-12-2025,2026-2027,16
INV-STU20240017-01,STU20240017,Tuition Fee,3000.00,13-09-2025,14-08-2025,2026-2027,17
INV-STU20240017-02,STU20240017,Tuition Fee,3500.00,05-11-2025,06-10-2025,2026-2027,17
INV-STU20240018-01,STU20240018,Tuition Fee,3000.00,17-09-2025,18-08-2025,2026-2027,18
INV-STU20240018-02,STU20240018,Tuition Fee,3500.00,13-12-2025,13-11-2025,2026-2027,18
INV-STU20240019-01,STU20240019,Tuition Fee,3000.00,24-10-2025,24-09-2025,2026-2027,19
INV-STU20240019-02,STU20240019,Tuition Fee,3500.00,27-11-2025,28-10-2025,2026-2027,19
INV-STU20240020-01,STU20240020,Tuition Fee,3000.00,30-09-2025,31-08-2025,2026-2027,20
INV-STU20240020-02,STU20240020,Tuition Fee,3500.00,14-01-2026,15-12-2025,2026-2027,20
INV-STU20240021-01,STU20240021,Tuition Fee,3000.00,24-01-2026,25-12-2025,2026-2027,21
INV-STU20240021-02,STU20240021,Tuition Fee,3500.00,07-01-2026,08-12-2025,2026-2027,21
INV-STU20240022-01,STU20240022,Tuition Fee,3000.00,08-12-2025,08-11-2025,2026-2027,22
INV-STU20240022-02,STU20240022,Tuition Fee,3500.00,27-12-2025,27-11-2025,2026-2027,22
INV-STU20240023-01,STU20240023,Tuition Fee,3000.00,05-11-2025,06-10-2025,2026-2027,23
INV-STU20240023-02,STU20240023,Tuition Fee,3500.00,13-01-2026,14-12-2025,2026-2027,23
INV-STU20240024-01,STU20240024,Tuition Fee,3000.00,07-09-2025,08-08-2025,2026-2027,24
INV-STU20240024-02,STU20240024,Tuition Fee,3500.00,02-01-2026,03-12-2025,2026-2027,24
INV-STU20240025-01,STU20240025,Tuition Fee,3000.00,25-11-2025,26-10-2025,2026-2027,25
INV-STU20240025-02,STU20240025,Tuition Fee,3500.00,10-01-2026,11-12-2025,2026-2027,25
INV-STU20240026-01,STU20240026,Tuition Fee,3000.00,21-11-2025,22-10-2025,2026-2027,26
INV-STU20240026-02,STU20240026,Tuition Fee,3500.00,02-09-2025,03-08-2025,2026-2027,26
INV-STU20240027-01,STU20240027,Tuition Fee,3000.00,17-12-2025,17-11-2025,2026-2027,27
INV-STU20240027-02,STU20240027,Tuition Fee,3500.00,02-11-2025,03-10-2025,2026-2027,27
INV-STU20240028-01,STU20240028,Tuition Fee,3000.00,30-11-2025,31-10-2025,2026-2027,28
INV-STU20240028-02,STU20240028,Tuition Fee,3500.00,17-09-2025,18-08-2025,2026-2027,28
INV-STU20240029-01,STU20240029,Tuition Fee,3000.00,20-12-2025,20-11-2025,2026-2027,29
INV-STU20240029-02,STU20240029,Tuition Fee,3500.00,24-01-2026,25-12-2025,2026-2027,29
INV-STU20240030-01,STU20240030,Tuition Fee,3000.00,01-01-2026,02-12-2025,2026-2027,30
INV-STU20240030-02,STU20240030,Tuition Fee,3500.00,18-01-2026,19-12-2025,2026-2027,30
INV-STU20240031-01,STU20240031,Tuition Fee,3000.00,19-01-2026,20-12-2025,2026-2027,31
INV-STU20240031-02,STU20240031,Tuition Fee,3500.00,24-09-2025,25-08-2025,2026-2027,31
INV-STU20240032-01,STU20240032,Tuition Fee,3000.00,21-10-2025,21-09-2025,2026-2027,32
INV-STU20240032-02,STU20240032,Tuition Fee,3500.00,06-11-2025,07-10-2025,2026-2027,32
INV-STU20240033-01,STU20240033,Tuition Fee,3000.00,11-12-2025,11-11-2025,2026-2027,33
INV-STU20240033-02,STU20240033,Tuition Fee,3500.00,06-01-2026,07-12-2025,2026-2027,33
INV-STU20240034-01,STU20240034,Tuition Fee,3000.00,18-12-2025,18-11-2025,2026-2027,34
INV-STU20240034-02,STU20240034,Tuition Fee,3500.00,02-10-2025,02-09-2025,2026-2027,34
INV-STU20240035-01,STU20240035,Tuition Fee,3000.00,24-09-2025,25-08-2025,2026-2027,35
INV-STU20240035-02,STU20240035,Tuition Fee,3500.00,05-01-2026,06-12-2025,2026-2027,35
INV-STU20240036-01,STU20240036,Tuition Fee,3000.00,07-12-2025,07-11-2025,2026-2027,36
INV-STU20240036-02,STU20240036,Tuition Fee,3500.00,27-11-2025,28-10-2025,2026-2027,36
INV-STU20240037-01,STU20240037,Tuition Fee,3000.00,27-09-2025,28-08-2025,2026-2027,37
INV-STU20240037-02,STU20240037,Tuition Fee,3500.00,31-08-2025,01-08-2025,2026-2027,37
INV-STU20240038-01,STU20240038,Tuition Fee,3000.00,02-12-2025,02-11-2025,2026-2027,38
INV-STU20240038-02,STU20240038,Tuition Fee,3500.00,02-01-2026,03-12-2025,2026-2027,38
INV-STU20240039-01,STU20240039,Tuition Fee,3000.00,24-09-2025,25-08-2025,2026-2027,39
INV-STU20240039-02,STU20240039,Tuition Fee,3500.00,11-12-2025,11-11-2025,2026-2027,39
INV-STU20240040-01,STU20240040,Tuition Fee,3000.00,20-09-2025,21-08-2025,2026-2027,40
INV-STU20240040-02,STU20240040,Tuition Fee,3500.00,15-11-2025,16-10-2025,2026-2027,40
INV-STU20240041-01,STU20240041,Tuition Fee,3000.00,26-12-2025,26-11-2025,2026-2027,41
INV-STU20240041-02,STU20240041,Tuition Fee,3500.00,17-10-2025,17-09-2025,2026-2027,41
INV-STU20240042-01,STU20240042,Tuition Fee,3000.00,23-01-2026,24-12-2025,2026-2027,42
INV-STU20240042-02,STU20240042,Tuition Fee,3500.00,20-01-2026,21-12-2025,2026-2027,42
INV-STU20240043-01,STU20240043,Tuition Fee,3000.00,17-10-2025,17-09-2025,2026-2027,43
INV-STU20240043-02,STU20240043,Tuition Fee,3500.00,10-11-2025,11-10-2025,2026-2027,43
INV-STU20240044-01,STU20240044,Tuition Fee,3000.00,09-09-2025,10-08-2025,2026-2027,44
INV-STU20240044-02,STU20240044,Tuition Fee,3500.00,03-10-2025,03-09-2025,2026-2027,44
INV-STU20240045-01,STU20240045,Tuition Fee,3000.00,22-11-2025,23-10-2025,2026-2027,45
INV-STU20240045-02,STU20240045,Tuition Fee,3500.00,07-12-2025,07-11-2025,2026-2027,45
INV-STU20240046-01,STU20240046,Tuition Fee,3000.00,23-01-2026,24-12-2025,2026-2027,46
INV-STU20240046-02,STU20240046,Tuition Fee,3500.00,05-01-2026,06-12-2025,2026-2027,46
INV-STU20240047-01,STU20240047,Tuition Fee,3000.00,14-01-2026,15-12-2025,2026-2027,47
INV-STU20240047-02,STU20240047,Tuition Fee,3500.00,21-11-2025,22-10-2025,2026-2027,47
INV-STU20240048-01,STU20240048,Tuition Fee,3000.00,27-11-2025,28-10-2025,2026-2027,48
INV-STU20240048-02,STU20240048,Tuition Fee,3500.00,03-12-2025,03-11-2025,2026-2027,48
INV-STU20240049-01,STU20240049,Tuition Fee,3000.00,06-12-2025,06-11-2025,2026-2027,49
INV-STU20240049-02,STU20240049,Tuition Fee,3500.00,14-01-2026,15-12-2025,2026-2027,49
INV-STU20240050-01,STU20240050,Tuition Fee,3000.00,11-09-2025,12-08-2025,2026-2027,50
INV-STU20240050-02,STU20240050,Tuition Fee,3500.00,02-12-2025,02-11-2025,2026-2027,50
INV-STU20240051-01,STU20240051,Tuition Fee,3000.00,23-09-2025,24-08-2025,2026-2027,51
INV-STU20240051-02,STU20240051,Tuition Fee,3500.00,20-10-2025,20-09-2025,2026-2027,51
INV-STU20240052-01,STU20240052,Tuition Fee,3000.00,03-12-2025,03-11-2025,2026-2027,52
INV-STU20240052-02,STU20240052,Tuition Fee,3500.00,20-09-2025,21-08-2025,2026-2027,52
INV-STU20240053-01,STU20240053,Tuition Fee,3000.00,14-12-2025,14-11-2025,2026-2027,53
INV-STU20240053-02,STU20240053,Tuition Fee,3500.00,04-12-2025,04-11-2025,2026-2027,53
INV-STU20240054-01,STU20240054,Tuition Fee,3000.00,22-11-2025,23-10-2025,2026-2027,54
INV-STU20240054-02,STU20240054,Tuition Fee,3500.00,28-11-2025,29-10-2025,2026-2027,54
INV-STU20240055-01,STU20240055,Tuition Fee,3000.00,19-11-2025,20-10-2025,2026-2027,55
INV-STU20240055-02,STU20240055,Tuition Fee,3500.00,27-12-2025,27-11-2025,2026-2027,55
INV-STU20240056-01,STU20240056,Tuition Fee,3000.00,14-10-2025,14-09-2025,2026-2027,56
INV-STU20240056-02,STU20240056,Tuition Fee,3500.00,20-09-2025,21-08-2025,2026-2027,56
INV-STU20240057-01,STU20240057,Tuition Fee,3000.00,01-11-2025,02-10-2025,2026-2027,57
INV-STU20240057-02,STU20240057,Tuition Fee,3500.00,26-09-2025,27-08-2025,2026-2027,57
INV-STU20240058-01,STU20240058,Tuition Fee,3000.00,20-10-2025,20-09-2025,2026-2027,58
INV-STU20240058-02,STU20240058,Tuition Fee,3500.00,07-09-2025,08-08-2025,2026-2027,58
INV-STU20240059-01,STU20240059,Tuition Fee,3000.00,14-10-2025,14-09-2025,2026-2027,59
INV-STU20240059-02,STU20240059,Tuition Fee,3500.00,02-12-2025,02-11-2025,2026-2027,59
INV-STU20240060-01,STU20240060,Tuition Fee,3000.00,14-10-2025,14-09-2025,2026-2027,60
INV-STU20240060-02,STU20240060,Tuition Fee,3500.00,27-12-2025,27-11-2025,2026-2027,60
INV-STU20240061-01,STU20240061,Tuition Fee,3000.00,04-09-2025,05-08-2025,2026-2027,61
INV-STU20240061-02,STU20240061,Tuition Fee,3500.00,01-10-2025,01-09-2025,2026-2027,61
INV-STU20240062-01,STU20240062,Tuition Fee,3000.00,29-08-2025,30-07-2025,2026-2027,62
INV-STU20240062-02,STU20240062,Tuition Fee,3500.00,06-01-2026,07-12-2025,2026-2027,62
INV-STU20240063-01,STU20240063,Tuition Fee,3000.00,16-01-2026,17-12-2025,2026-2027,63
INV-STU20240063-02,STU20240063,Tuition Fee,3500.00,16-10-2025,16-09-2025,2026-2027,63
INV-STU20240064-01,STU20240064,Tuition Fee,3000.00,23-01-2026,24-12-2025,2026-2027,64
INV-STU20240064-02,STU20240064,Tuition Fee,3500.00,03-12-2025,03-11-2025,2026-2027,64
INV-STU20240065-01,STU20240065,Tuition Fee,3000.00,01-01-2026,02-12-2025,2026-2027,65
INV-STU20240065-02,STU20240065,Tuition Fee,3500.00,18-12-2025,18-11-2025,2026-2027,65
INV-STU20240066-01,STU20240066,Tuition Fee,3000.00,24-09-2025,25-08-2025,2026-2027,66
INV-STU20240066-02,STU20240066,Tuition Fee,3500.00,29-10-2025,29-09-2025,2026-2027,66
INV-STU20240067-01,STU20240067,Tuition Fee,3000.00,02-11-2025,03-10-2025,2026-2027,67
INV-STU20240067-02,STU20240067,Tuition Fee,3500.00,08-11-2025,09-10-2025,2026-2027,67
INV-STU20240068-01,STU20240068,Tuition Fee,3000.00,01-10-2025,01-09-2025,2026-2027,68
INV-STU20240068-02,STU20240068,Tuition Fee,3500.00,31-08-2025,01-08-2025,2026-2027,68
INV-STU20240069-01,STU20240069,Tuition Fee,3000.00,23-01-2026,24-12-2025,2026-2027,69
INV-STU20240069-02,STU20240069,Tuition Fee,3500.00,08-01-2026,09-12-2025,2026-2027,69
INV-STU20240070-01,STU20240070,Tuition Fee,3000.00,01-01-2026,02-12-2025,2026-2027,70
INV-STU20240070-02,STU20240070,Tuition Fee,3500.00,11-10-2025,11-09-2025,2026-2027,70
INV-STU20240071-01,STU20240071,Tuition Fee,3000.00,07-09-2025,08-08-2025,2026-2027,71
INV-STU20240071-02,STU20240071,Tuition Fee,3500.00,02-01-2026,03-12-2025,2026-2027,71
INV-STU20240072-01,STU20240072,Tuition Fee,3000.00,16-10-2025,16-09-2025,2026-2027,72
INV-STU20240072-02,STU20240072,Tuition Fee,3500.00,18-10-2025,18-09-2025,2026-2027,72
INV-STU20240073-01,STU20240073,Tuition Fee,3000.00,11-10-2025,11-09-2025,2026-2027,73
INV-STU20240073-02,STU20240073,Tuition Fee,3500.00,13-01-2026,14-12-2025,2026-2027,73
INV-STU20240074-01,STU20240074,Tuition Fee,3000.00,19-01-2026,20-12-2025,2026-2027,74
INV-STU20240074-02,STU20240074,Tuition Fee,3500.00,06-01-2026,07-12-2025,2026-2027,74
INV-STU20240075-01,STU20240075,Tuition Fee,3000.00,24-10-2025,24-09-2025,2026-2027,75
INV-STU20240075-02,STU20240075,Tuition Fee,3500.00,17-10-2025,17-09-2025,2026-2027,75
INV-STU20240076-01,STU20240076,Tuition Fee,3000.00,04-12-2025,04-11-2025,2026-2027,76
INV-STU20240076-02,STU20240076,Tuition Fee,3500.00,08-10-2025,08-09-2025,2026-2027,76
INV-STU20240077-01,STU20240077,Tuition Fee,3000.00,28-10-2025,28-09-2025,2026-2027,77
INV-STU20240077-02,STU20240077,Tuition Fee,3500.00,29-10-2025,29-09-2025,2026-2027,77
INV-STU20240078-01,STU20240078,Tuition Fee,3000.00,14-11-2025,15-10-2025,2026-2027,78
INV-STU20240078-02,STU20240078,Tuition Fee,3500.00,24-12-2025,24-11-2025,2026-2027,78
INV-STU20240079-01,STU20240079,Tuition Fee,3000.00,26-11-2025,27-10-2025,2026-2027,79
INV-STU20240079-02,STU20240079,Tuition Fee,3500.00,12-11-2025,13-10-2025,2026-2027,79
INV-STU20240080-01,STU20240080,Tuition Fee,3000.00,30-08-2025,31-07-2025,2026-2027,80
INV-STU20240080-02,STU20240080,Tuition Fee,3500.00,21-10-2025,21-09-2025,2026-2027,80
INV-STU20240081-01,STU20240081,Tuition Fee,3000.00,28-11-2025,29-10-2025,2026-2027,81
INV-STU20240081-02,STU20240081,Tuition Fee,3500.00,15-11-2025,16-10-2025,2026-2027,81
INV-STU20240082-01,STU20240082,Tuition Fee,3000.00,09-09-2025,10-08-2025,2026-2027,82
INV-STU20240082-02,STU20240082,Tuition Fee,3500.00,02-09-2025,03-08-2025,2026-2027,82
INV-STU20240083-01,STU20240083,Tuition Fee,3000.00,30-08-2025,31-07-2025,2026-2027,83
INV-STU20240083-02,STU20240083,Tuition Fee,3500.00,29-09-2025,30-08-2025,2026-2027,83
INV-STU20240084-01,STU20240084,Tuition Fee,3000.00,17-09-2025,18-08-2025,2026-2027,84
INV-STU20240084-02,STU20240084,Tuition Fee,3500.00,21-12-2025,21-11-2025,2026-2027,84
INV-STU20240085-01,STU20240085,Tuition Fee,3000.00,03-12-2025,03-11-2025,2026-2027,85
INV-STU20240085-02,STU20240085,Tuition Fee,3500.00,27-12-2025,27-11-2025,2026-2027,85
INV-STU20240086-01,STU20240086,Tuition Fee,3000.00,06-10-2025,06-09-2025,2026-2027,86
INV-STU20240086-02,STU20240086,Tuition Fee,3500.00,29-08-2025,30-07-2025,2026-2027,86
INV-STU20240087-01,STU20240087,Tuition Fee,3000.00,28-10-2025,28-09-2025,2026-2027,87
INV-STU20240087-02,STU20240087,Tuition Fee,3500.00,05-10-2025,05-09-2025,2026-2027,87
INV-STU20240088-01,STU20240088,Tuition Fee,3000.00,06-01-2026,07-12-2025,2026-2027,88
INV-STU20240088-02,STU20240088,Tuition Fee,3500.00,08-10-2025,08-09-2025,2026-2027,88
INV-STU20240089-01,STU20240089,Tuition Fee,3000.00,01-10-2025,01-09-2025,2026-2027,89
INV-STU20240089-02,STU20240089,Tuition Fee,3500.00,20-01-2026,21-12-2025,2026-2027,89
INV-STU20240090-01,STU20240090,Tuition Fee,3000.00,03-11-2025,04-10-2025,2026-2027,90
INV-STU20240090-02,STU20240090,Tuition Fee,3500.00,20-11-2025,21-10-2025,2026-2027,90
INV-STU20240091-01,STU20240091,Tuition Fee,3000.00,29-12-2025,29-11-2025,2026-2027,91
INV-STU20240091-02,STU20240091,Tuition Fee,3500.00,13-09-2025,14-08-2025,2026-2027,91
INV-STU20240092-01,STU20240092,Tuition Fee,3000.00,14-12-2025,14-11-2025,2026-2027,92
INV-STU20240092-02,STU20240092,Tuition Fee,3500.00,30-10-2025,30-09-2025,2026-2027,92
INV-STU20240093-01,STU20240093,Tuition Fee,3000.00,24-11-2025,25-10-2025,2026-2027,93
INV-STU20240093-02,STU20240093,Tuition Fee,3500.00,05-09-2025,06-08-2025,2026-2027,93
INV-STU20240094-01,STU20240094,Tuition Fee,3000.00,13-12-2025,13-11-2025,2026-2027,94
INV-STU20240094-02,STU20240094,Tuition Fee,3500.00,07-09-2025,08-08-2025,2026-2027,94
INV-STU20240095-01,STU20240095,Tuition Fee,3000.00,14-10-2025,14-09-2025,2026-2027,95
INV-STU20240095-02,STU20240095,Tuition Fee,3500.00,24-12-2025,24-11-2025,2026-2027,95
INV-STU20240096-01,STU20240096,Tuition Fee,3000.00,11-11-2025,12-10-2025,2026-2027,96
INV-STU20240096-02,STU20240096,Tuition Fee,3500.00,15-12-2025,15-11-2025,2026-2027,96
INV-STU20240097-01,STU20240097,Tuition Fee,3000.00,13-01-2026,14-12-2025,2026-2027,97
INV-STU20240097-02,STU20240097,Tuition Fee,3500.00,05-12-2025,05-11-2025,2026-2027,97
INV-STU20240098-01,STU20240098,Tuition Fee,3000.00,25-12-2025,25-11-2025,2026-2027,98
INV-STU20240098-02,STU20240098,Tuition Fee,3500.00,10-12-2025,10-11-2025,2026-2027,98
INV-STU20240099-01,STU20240099,Tuition Fee,3000.00,18-11-2025,19-10-2025,2026-2027,99
INV-STU20240099-02,STU20240099,Tuition Fee,3500.00,17-12-2025,17-11-2025,2026-2027,99
INV-STU20240100-01,STU20240100,Tuition Fee,3000.00,20-12-2025,20-11-2025,2026-2027,100
INV-STU20240100-02,STU20240100,Tuition Fee,3500.00,29-11-2025,30-10-2025,2026-2027,100
INV-STU20240101-01,STU20240101,Tuition Fee,3000.00,19-01-2026,20-12-2025,2026-2027,101
INV-STU20240101-02,STU20240101,Tuition Fee,3500.00,19-09-2025,20-08-2025,2026-2027,101
INV-STU20240102-01,STU20240102,Tuition Fee,3000.00,28-11-2025,29-10-2025,2026-2027,102
INV-STU20240102-02,STU20240102,Tuition Fee,3500.00,04-11-2025,05-10-2025,2026-2027,102
INV-STU20240103-01,STU20240103,Tuition Fee,3000.00,23-12-2025,23-11-2025,2026-2027,103
INV-STU20240103-02,STU20240103,Tuition Fee,3500.00,05-11-2025,06-10-2025,2026-2027,103
INV-STU20240104-01,STU20240104,Tuition Fee,3000.00,18-01-2026,19-12-2025,2026-2027,104
INV-STU20240104-02,STU20240104,Tuition Fee,3500.00,11-10-2025,11-09-2025,2026-2027,104
INV-STU20240105-01,STU20240105,Tuition Fee,3000.00,25-10-2025,25-09-2025,2026-2027,105
INV-STU20240105-02,STU20240105,Tuition Fee,3500.00,28-12-2025,28-11-2025,2026-2027,105
INV-STU20240106-01,STU20240106,Tuition Fee,3000.00,30-09-2025,31-08-2025,2026-2027,106
INV-STU20240106-02,STU20240106,Tuition Fee,3500.00,31-08-2025,01-08-2025,2026-2027,106
INV-STU20240107-01,STU20240107,Tuition Fee,3000.00,22-11-2025,23-10-2025,2026-2027,107
INV-STU20240107-02,STU20240107,Tuition Fee,3500.00,18-09-2025,19-08-2025,2026-2027,107
INV-STU20240108-01,STU20240108,Tuition Fee,3000.00,17-09-2025,18-08-2025,2026-2027,108
INV-STU20240108-02,STU20240108,Tuition Fee,3500.00,07-12-2025,07-11-2025,2026-2027,108
INV-STU20240109-01,STU20240109,Tuition Fee,3000.00,01-11-2025,02-10-2025,2026-2027,109
INV-STU20240109-02,STU20240109,Tuition Fee,3500.00,15-12-2025,15-11-2025,2026-2027,109
INV-STU20240110-01,STU20240110,Tuition Fee,3000.00,16-11-2025,17-10-2025,2026-2027,110
INV-STU20240110-02,STU20240110,Tuition Fee,3500.00,29-09-2025,30-08-2025,2026-2027,110
INV-STU20240111-01,STU20240111,Tuition Fee,3000.00,15-01-2026,16-12-2025,2026-2027,111
INV-STU20240111-02,STU20240111,Tuition Fee,3500.00,28-10-2025,28-09-2025,2026-2027,111
INV-STU20240112-01,STU20240112,Tuition Fee,3000.00,14-12-2025,14-11-2025,2026-2027,112
INV-STU20240112-02,STU20240112,Tuition Fee,3500.00,13-01-2026,14-12-2025,2026-2027,112
INV-STU20240113-01,STU20240113,Tuition Fee,3000.00,10-12-2025,10-11-2025,2026-2027,113
INV-STU20240113-02,STU20240113,Tuition Fee,3500.00,19-11-2025,20-10-2025,2026-2027,113
INV-STU20240114-01,STU20240114,Tuition Fee,3000.00,01-09-2025,02-08-2025,2026-2027,114
INV-STU20240114-02,STU20240114,Tuition Fee,3500.00,19-10-2025,19-09-2025,2026-2027,114
INV-STU20240115-01,STU20240115,Tuition Fee,3000.00,27-11-2025,28-10-2025,2026-2027,115
INV-STU20240115-02,STU20240115,Tuition Fee,3500.00,09-01-2026,10-12-2025,2026-2027,115
INV-STU20240116-01,STU20240116,Tuition Fee,3000.00,11-01-2026,12-12-2025,2026-2027,116
INV-STU20240116-02,STU20240116,Tuition Fee,3500.00,27-09-2025,28-08-2025,2026-2027,116
INV-STU20240117-01,STU20240117,Tuition Fee,3000.00,22-01-2026,23-12-2025,2026-2027,117
INV-STU20240117-02,STU20240117,Tuition Fee,3500.00,01-01-2026,02-12-2025,2026-2027,117
INV-STU20240118-01,STU20240118,Tuition Fee,3000.00,13-10-2025,13-09-2025,2026-2027,118
INV-STU20240118-02,STU20240118,Tuition Fee,3500.00,08-10-2025,08-09-2025,2026-2027,118
INV-STU20240119-01,STU20240119,Tuition Fee,3000.00,13-10-2025,13-09-2025,2026-2027,119
INV-STU20240119-02,STU20240119,Tuition Fee,3500.00,23-11-2025,24-10-2025,2026-2027,119
INV-STU20240120-01,STU20240120,Tuition Fee,3000.00,30-08-2025,31-07-2025,2026-2027,120
INV-STU20240120-02,STU20240120,Tuition Fee,3500.00,13-12-2025,13-11-2025,2026-2027,120
INV-STU20240121-01,STU20240121,Tuition Fee,3000.00,07-01-2026,08-12-2025,2026-2027,121
INV-STU20240121-02,STU20240121,Tuition Fee,3500.00,13-10-2025,13-09-2025,2026-2027,121
INV-STU20240122-01,STU20240122,Tuition Fee,3000.00,24-01-2026,25-12-2025,2026-2027,122
INV-STU20240122-02,STU20240122,Tuition Fee,3500.00,14-12-2025,14-11-2025,2026-2027,122
INV-STU20240123-01,STU20240123,Tuition Fee,3000.00,09-01-2026,10-12-2025,2026-2027,123
INV-STU20240123-02,STU20240123,Tuition Fee,3500.00,15-09-2025,16-08-2025,2026-2027,123
INV-STU20240124-01,STU20240124,Tuition Fee,3000.00,13-10-2025,13-09-2025,2026-2027,124
INV-STU20240124-02,STU20240124,Tuition Fee,3500.00,25-10-2025,25-09-2025,2026-2027,124
INV-STU20240125-01,STU20240125,Tuition Fee,3000.00,17-10-2025,17-09-2025,2026-2027,125
INV-STU20240125-02,STU20240125,Tuition Fee,3500.00,11-12-2025,11-11-2025,2026-2027,125
INV-STU20240126-01,STU20240126,Tuition Fee,3000.00,24-01-2026,25-12-2025,2026-2027,126
INV-STU20240126-02,STU20240126,Tuition Fee,3500.00,09-11-2025,10-10-2025,2026-2027,126
INV-STU20240127-01,STU20240127,Tuition Fee,3000.00,05-12-2025,05-11-2025,2026-2027,127
INV-STU20240127-02,STU20240127,Tuition Fee,3500.00,17-11-2025,18-10-2025,2026-2027,127
INV-STU20240128-01,STU20240128,Tuition Fee,3000.00,21-09-2025,22-08-2025,2026-2027,128
INV-STU20240128-02,STU20240128,Tuition Fee,3500.00,23-09-2025,24-08-2025,2026-2027,128
INV-STU20240129-01,STU20240129,Tuition Fee,3000.00,22-12-2025,22-11-2025,2026-2027,129
INV-STU20240129-02,STU20240129,Tuition Fee,3500.00,19-01-2026,20-12-2025,2026-2027,129
INV-STU20240130-01,STU20240130,Tuition Fee,3000.00,03-12-2025,03-11-2025,2026-2027,130
INV-STU20240130-02,STU20240130,Tuition Fee,3500.00,30-12-2025,30-11-2025,2026-2027,130
INV-STU20240131-01,STU20240131,Tuition Fee,3000.00,30-08-2025,31-07-2025,2026-2027,131
INV-STU20240131-02,STU20240131,Tuition Fee,3500.00,06-11-2025,07-10-2025,2026-2027,131
INV-STU20240132-01,STU20240132,Tuition Fee,3000.00,13-10-2025,13-09-2025,2026-2027,132
INV-STU20240132-02,STU20240132,Tuition Fee,3500.00,12-09-2025,13-08-2025,2026-2027,132
INV-STU20240133-01,STU20240133,Tuition Fee,3000.00,18-12-2025,18-11-2025,2026-2027,133
INV-STU20240133-02,STU20240133,Tuition Fee,3500.00,21-12-2025,21-11-2025,2026-2027,133
INV-STU20240134-01,STU20240134,Tuition Fee,3000.00,05-01-2026,06-12-2025,2026-2027,134
INV-STU20240134-02,STU20240134,Tuition Fee,3500.00,04-10-2025,04-09-2025,2026-2027,134
INV-STU20240135-01,STU20240135,Tuition Fee,3000.00,02-09-2025,03-08-2025,2026-2027,135
INV-STU20240135-02,STU20240135,Tuition Fee,3500.00,03-11-2025,04-10-2025,2026-2027,135
INV-STU20240136-01,STU20240136,Tuition Fee,3000.00,05-10-2025,05-09-2025,2026-2027,136
INV-STU20240136-02,STU20240136,Tuition Fee,3500.00,07-12-2025,07-11-2025,2026-2027,136
INV-STU20240137-01,STU20240137,Tuition Fee,3000.00,22-01-2026,23-12-2025,2026-2027,137
INV-STU20240137-02,STU20240137,Tuition Fee,3500.00,01-10-2025,01-09-2025,2026-2027,137
INV-STU20240138-01,STU20240138,Tuition Fee,3000.00,15-11-2025,16-10-2025,2026-2027,138
INV-STU20240138-02,STU20240138,Tuition Fee,3500.00,17-11-2025,18-10-2025,2026-2027,138
INV-STU20240139-01,STU20240139,Tuition Fee,3000.00,17-11-2025,18-10-2025,2026-2027,139
INV-STU20240139-02,STU20240139,Tuition Fee,3500.00,11-01-2026,12-12-2025,2026-2027,139
INV-STU20240140-01,STU20240140,Tuition Fee,3000.00,15-12-2025,15-11-2025,2026-2027,140
INV-STU20240140-02,STU20240140,Tuition Fee,3500.00,04-09-2025,05-08-2025,2026-2027,140
INV-STU20240141-01,STU20240141,Tuition Fee,3000.00,05-09-2025,06-08-2025,2026-2027,141
INV-STU20240141-02,STU20240141,Tuition Fee,3500.00,09-11-2025,10-10-2025,2026-2027,141
INV-STU20240142-01,STU20240142,Tuition Fee,3000.00,08-11-2025,09-10-2025,2026-2027,142
INV-STU20240142-02,STU20240142,Tuition Fee,3500.00,15-10-2025,15-09-2025,2026-2027,142
INV-STU20240143-01,STU20240143,Tuition Fee,3000.00,10-01-2026,11-12-2025,2026-2027,143
INV-STU20240143-02,STU20240143,Tuition Fee,3500.00,01-01-2026,02-12-2025,2026-2027,143
INV-STU20240144-01,STU20240144,Tuition Fee,3000.00,26-10-2025,26-09-2025,2026-2027,144
INV-STU20240144-02,STU20240144,Tuition Fee,3500.00,25-09-2025,26-08-2025,2026-2027,144
INV-STU20240145-01,STU20240145,Tuition Fee,3000.00,17-11-2025,18-10-2025,2026-2027,145
INV-STU20240145-02,STU20240145,Tuition Fee,3500.00,24-09-2025,25-08-2025,2026-2027,145
INV-STU20240146-01,STU20240146,Tuition Fee,3000.00,06-01-2026,07-12-2025,2026-2027,146
INV-STU20240146-02,STU20240146,Tuition Fee,3500.00,05-12-2025,05-11-2025,2026-2027,146
INV-STU20240147-01,STU20240147,Tuition Fee,3000.00,05-12-2025,05-11-2025,2026-2027,147
INV-STU20240147-02,STU20240147,Tuition Fee,3500.00,07-12-2025,07-11-2025,2026-2027,147
INV-STU20240148-01,STU20240148,Tuition Fee,3000.00,17-09-2025,18-08-2025,2026-2027,148
INV-STU20240148-02,STU20240148,Tuition Fee,3500.00,25-11-2025,26-10-2025,2026-2027,148
INV-STU20240149-01,STU20240149,Tuition Fee,3000.00,06-11-2025,07-10-2025,2026-2027,149
INV-STU20240149-02,STU20240149,Tuition Fee,3500.00,15-01-2026,16-12-2025,2026-2027,149
INV-STU20240150-01,STU20240150,Tuition Fee,3000.00,28-11-2025,29-10-2025,2026-2027,150
INV-STU20240150-02,STU20240150,Tuition Fee,3500.00,05-09-2025,06-08-2025,2026-2027,150
INV-STU20240151-01,STU20240151,Tuition Fee,3000.00,11-09-2025,12-08-2025,2026-2027,151
INV-STU20240151-02,STU20240151,Tuition Fee,3500.00,06-10-2025,06-09-2025,2026-2027,151
INV-STU20240152-01,STU20240152,Tuition Fee,3000.00,18-09-2025,19-08-2025,2026-2027,152
INV-STU20240152-02,STU20240152,Tuition Fee,3500.00,31-08-2025,01-08-2025,2026-2027,152
INV-STU20240153-01,STU20240153,Tuition Fee,3000.00,09-12-2025,09-11-2025,2026-2027,153
INV-STU20240153-02,STU20240153,Tuition Fee,3500.00,19-01-2026,20-12-2025,2026-2027,153
INV-STU20240154-01,STU20240154,Tuition Fee,3000.00,08-01-2026,09-12-2025,2026-2027,154
INV-STU20240154-02,STU20240154,Tuition Fee,3500.00,15-10-2025,15-09-2025,2026-2027,154
INV-STU20240155-01,STU20240155,Tuition Fee,3000.00,05-01-2026,06-12-2025,2026-2027,155
INV-STU20240155-02,STU20240155,Tuition Fee,3500.00,06-01-2026,07-12-2025,2026-2027,155
INV-STU20240156-01,STU20240156,Tuition Fee,3000.00,11-11-2025,12-10-2025,2026-2027,156
INV-STU20240156-02,STU20240156,Tuition Fee,3500.00,02-12-2025,02-11-2025,2026-2027,156
INV-STU20240157-01,STU20240157,Tuition Fee,3000.00,27-11-2025,28-10-2025,2026-2027,157
INV-STU20240157-02,STU20240157,Tuition Fee,3500.00,20-09-2025,21-08-2025,2026-2027,157
INV-STU20240158-01,STU20240158,Tuition Fee,3000.00,19-01-2026,20-12-2025,2026-2027,158
INV-STU20240158-02,STU20240158,Tuition Fee,3500.00,03-11-2025,04-10-2025,2026-2027,158
INV-STU20240159-01,STU20240159,Tuition Fee,3000.00,17-09-2025,18-08-2025,2026-2027,159
INV-STU20240159-02,STU20240159,Tuition Fee,3500.00,30-11-2025,31-10-2025,2026-2027,159
INV-STU20240160-01,STU20240160,Tuition Fee,3000.00,17-12-2025,17-11-2025,2026-2027,160
INV-STU20240160-02,STU20240160,Tuition Fee,3500.00,02-12-2025,02-11-2025,2026-2027,160
INV-STU20240161-01,STU20240161,Tuition Fee,3000.00,19-09-2025,20-08-2025,2026-2027,161
INV-STU20240161-02,STU20240161,Tuition Fee,3500.00,07-11-2025,08-10-2025,2026-2027,161
INV-STU20240162-01,STU20240162,Tuition Fee,3000.00,15-11-2025,16-10-2025,2026-2027,162
INV-STU20240162-02,STU20240162,Tuition Fee,3500.00,14-12-2025,14-11-2025,2026-2027,162
INV-STU20240163-01,STU20240163,Tuition Fee,3000.00,30-09-2025,31-08-2025,2026-2027,163
INV-STU20240163-02,STU20240163,Tuition Fee,3500.00,02-12-2025,02-11-2025,2026-2027,163
INV-STU20240164-01,STU20240164,Tuition Fee,3000.00,18-09-2025,19-08-2025,2026-2027,164
INV-STU20240164-02,STU20240164,Tuition Fee,3500.00,24-01-2026,25-12-2025,2026-2027,164
INV-STU20240165-01,STU20240165,Tuition Fee,3000.00,25-12-2025,25-11-2025,2026-2027,165
INV-STU20240165-02,STU20240165,Tuition Fee,3500.00,21-01-2026,22-12-2025,2026-2027,165
INV-STU20240166-01,STU20240166,Tuition Fee,3000.00,03-09-2025,04-08-2025,2026-2027,166
INV-STU20240166-02,STU20240166,Tuition Fee,3500.00,15-09-2025,16-08-2025,2026-2027,166
INV-STU20240167-01,STU20240167,Tuition Fee,3000.00,05-12-2025,05-11-2025,2026-2027,167
INV-STU20240167-02,STU20240167,Tuition Fee,3500.00,23-12-2025,23-11-2025,2026-2027,167
INV-STU20240168-01,STU20240168,Tuition Fee,3000.00,14-10-2025,14-09-2025,2026-2027,168
INV-STU20240168-02,STU20240168,Tuition Fee,3500.00,14-11-2025,15-10-2025,2026-2027,168
INV-STU20240169-01,STU20240169,Tuition Fee,3000.00,01-01-2026,02-12-2025,2026-2027,169
INV-STU20240169-02,STU20240169,Tuition Fee,3500.00,27-09-2025,28-08-2025,2026-2027,169
INV-STU20240170-01,STU20240170,Tuition Fee,3000.00,14-01-2026,15-12-2025,2026-2027,170
INV-STU20240170-02,STU20240170,Tuition Fee,3500.00,11-01-2026,12-12-2025,2026-2027,170
INV-STU20240171-01,STU20240171,Tuition Fee,3000.00,11-10-2025,11-09-2025,2026-2027,171
INV-STU20240171-02,STU20240171,Tuition Fee,3500.00,19-10-2025,19-09-2025,2026-2027,171
INV-STU20240172-01,STU20240172,Tuition Fee,3000.00,10-12-2025,10-11-2025,2026-2027,172
INV-STU20240172-02,STU20240172,Tuition Fee,3500.00,27-11-2025,28-10-2025,2026-2027,172
INV-STU20240173-01,STU20240173,Tuition Fee,3000.00,08-11-2025,09-10-2025,2026-2027,173
INV-STU20240173-02,STU20240173,Tuition Fee,3500.00,24-11-2025,25-10-2025,2026-2027,173
INV-STU20240174-01,STU20240174,Tuition Fee,3000.00,20-12-2025,20-11-2025,2026-2027,174
INV-STU20240174-02,STU20240174,Tuition Fee,3500.00,29-08-2025,30-07-2025,2026-2027,174
INV-STU20240175-01,STU20240175,Tuition Fee,3000.00,16-10-2025,16-09-2025,2026-2027,175
INV-STU20240175-02,STU20240175,Tuition Fee,3500.00,13-12-2025,13-11-2025,2026-2027,175
INV-STU20240176-01,STU20240176,Tuition Fee,3000.00,09-09-2025,10-08-2025,2026-2027,176
INV-STU20240176-02,STU20240176,Tuition Fee,3500.00,07-12-2025,07-11-2025,2026-2027,176
INV-STU20240177-01,STU20240177,Tuition Fee,3000.00,21-12-2025,21-11-2025,2026-2027,177
INV-STU20240177-02,STU20240177,Tuition Fee,3500.00,14-11-2025,15-10-2025,2026-2027,177
INV-STU20240178-01,STU20240178,Tuition Fee,3000.00,18-09-2025,19-08-2025,2026-2027,178
INV-STU20240178-02,STU20240178,Tuition Fee,3500.00,08-12-2025,08-11-2025,2026-2027,178
INV-STU20240179-01,STU20240179,Tuition Fee,3000.00,26-11-2025,27-10-2025,2026-2027,179
INV-STU20240179-02,STU20240179,Tuition Fee,3500.00,08-09-2025,09-08-2025,2026-2027,179
INV-STU20240180-01,STU20240180,Tuition Fee,3000.00,20-01-2026,21-12-2025,2026-2027,180
INV-STU20240180-02,STU20240180,Tuition Fee,3500.00,19-11-2025,20-10-2025,2026-2027,180
INV-STU20240181-01,STU20240181,Tuition Fee,3000.00,31-08-2025,01-08-2025,2026-2027,181
INV-STU20240181-02,STU20240181,Tuition Fee,3500.00,14-10-2025,14-09-2025,2026-2027,181
INV-STU20240182-01,STU20240182,Tuition Fee,3000.00,17-01-2026,18-12-2025,2026-2027,182
INV-STU20240182-02,STU20240182,Tuition Fee,3500.00,24-10-2025,24-09-2025,2026-2027,182
INV-STU20240183-01,STU20240183,Tuition Fee,3000.00,22-10-2025,22-09-2025,2026-2027,183
INV-STU20240183-02,STU20240183,Tuition Fee,3500.00,09-01-2026,10-12-2025,2026-2027,183
INV-STU20240184-01,STU20240184,Tuition Fee,3000.00,23-09-2025,24-08-2025,2026-2027,184
INV-STU20240184-02,STU20240184,Tuition Fee,3500.00,15-10-2025,15-09-2025,2026-2027,184
INV-STU20240185-01,STU20240185,Tuition Fee,3000.00,14-12-2025,14-11-2025,2026-2027,185
INV-STU20240185-02,STU20240185,Tuition Fee,3500.00,08-09-2025,09-08-2025,2026-2027,185
INV-STU20240186-01,STU20240186,Tuition Fee,3000.00,19-10-2025,19-09-2025,2026-2027,186
INV-STU20240186-02,STU20240186,Tuition Fee,3500.00,13-10-2025,13-09-2025,2026-2027,186
INV-STU20240187-01,STU20240187,Tuition Fee,3000.00,21-11-2025,22-10-2025,2026-2027,187
INV-STU20240187-02,STU20240187,Tuition Fee,3500.00,07-12-2025,07-11-2025,2026-2027,187
INV-STU20240188-01,STU20240188,Tuition Fee,3000.00,13-11-2025,14-10-2025,2026-2027,188
INV-STU20240188-02,STU20240188,Tuition Fee,3500.00,29-11-2025,30-10-2025,2026-2027,188
INV-STU20240189-01,STU20240189,Tuition Fee,3000.00,02-09-2025,03-08-2025,2026-2027,189
INV-STU20240189-02,STU20240189,Tuition Fee,3500.00,08-11-2025,09-10-2025,2026-2027,189
INV-STU20240190-01,STU20240190,Tuition Fee,3000.00,13-12-2025,13-11-2025,2026-2027,190
INV-STU20240190-02,STU20240190,Tuition Fee,3500.00,01-01-2026,02-12-2025,2026-2027,190
INV-STU20240191-01,STU20240191,Tuition Fee,3000.00,14-09-2025,15-08-2025,2026-2027,191
INV-STU20240191-02,STU20240191,Tuition Fee,3500.00,12-09-2025,13-08-2025,2026-2027,191
INV-STU20240192-01,STU20240192,Tuition Fee,3000.00,01-09-2025,02-08-2025,2026-2027,192
INV-STU20240192-02,STU20240192,Tuition Fee,3500.00,28-10-2025,28-09-2025,2026-2027,192
INV-STU20240193-01,STU20240193,Tuition Fee,3000.00,28-08-2025,29-07-2025,2026-2027,193
INV-STU20240193-02,STU20240193,Tuition Fee,3500.00,16-10-2025,16-09-2025,2026-2027,193
INV-STU20240194-01,STU20240194,Tuition Fee,3000.00,31-12-2025,01-12-2025,2026-2027,194
INV-STU20240194-02,STU20240194,Tuition Fee,3500.00,01-10-2025,01-09-2025,2026-2027,194
INV-STU20240195-01,STU20240195,Tuition Fee,3000.00,11-09-2025,12-08-2025,2026-2027,195
INV-STU20240195-02,STU20240195,Tuition Fee,3500.00,04-10-2025,04-09-2025,2026-2027,195
INV-STU20240196-01,STU20240196,Tuition Fee,3000.00,09-09-2025,10-08-2025,2026-2027,196
INV-STU20240196-02,STU20240196,Tuition Fee,3500.00,23-12-2025,23-11-2025,2026-2027,196
INV-STU20240197-01,STU20240197,Tuition Fee,3000.00,08-11-2025,09-10-2025,2026-2027,197
INV-STU20240197-02,STU20240197,Tuition Fee,3500.00,21-10-2025,21-09-2025,2026-2027,197
INV-STU20240198-01,STU20240198,Tuition Fee,3000.00,07-09-2025,08-08-2025,2026-2027,198
INV-STU20240198-02,STU20240198,Tuition Fee,3500.00,20-11-2025,21-10-2025,2026-2027,198
INV-STU20240199-01,STU20240199,Tuition Fee,3000.00,23-09-2025,24-08-2025,2026-2027,199
INV-STU20240199-02,STU20240199,Tuition Fee,3500.00,07-10-2025,07-09-2025,2026-2027,199
INV-STU20240200-01,STU20240200,Tuition Fee,3000.00,12-11-2025,13-10-2025,2026-2027,200
INV-STU20240200-02,STU20240200,Tuition Fee,3500.00,29-09-2025,30-08-2025,2026-2027,200
INV-STU20240201-01,STU20240201,Tuition Fee,3000.00,10-01-2026,11-12-2025,2026-2027,201
INV-STU20240201-02,STU20240201,Tuition Fee,3500.00,13-09-2025,14-08-2025,2026-2027,201
INV-STU20240202-01,STU20240202,Tuition Fee,3000.00,25-11-2025,26-10-2025,2026-2027,202
INV-STU20240202-02,STU20240202,Tuition Fee,3500.00,03-09-2025,04-08-2025,2026-2027,202
INV-STU20240203-01,STU20240203,Tuition Fee,3000.00,15-11-2025,16-10-2025,2026-2027,203
INV-STU20240203-02,STU20240203,Tuition Fee,3500.00,31-08-2025,01-08-2025,2026-2027,203
INV-STU20240204-01,STU20240204,Tuition Fee,3000.00,14-11-2025,15-10-2025,2026-2027,204
INV-STU20240204-02,STU20240204,Tuition Fee,3500.00,11-01-2026,12-12-2025,2026-2027,204
INV-STU20240205-01,STU20240205,Tuition Fee,3000.00,16-11-2025,17-10-2025,2026-2027,205
INV-STU20240205-02,STU20240205,Tuition Fee,3500.00,05-12-2025,05-11-2025,2026-2027,205
INV-STU20240206-01,STU20240206,Tuition Fee,3000.00,14-12-2025,14-11-2025,2026-2027,206
INV-STU20240206-02,STU20240206,Tuition Fee,3500.00,22-10-2025,22-09-2025,2026-2027,206
INV-STU20240207-01,STU20240207,Tuition Fee,3000.00,30-09-2025,31-08-2025,2026-2027,207
INV-STU20240207-02,STU20240207,Tuition Fee,3500.00,01-11-2025,02-10-2025,2026-2027,207
INV-STU20240208-01,STU20240208,Tuition Fee,3000.00,02-12-2025,02-11-2025,2026-2027,208
INV-STU20240208-02,STU20240208,Tuition Fee,3500.00,15-11-2025,16-10-2025,2026-2027,208
INV-STU20240209-01,STU20240209,Tuition Fee,3000.00,07-10-2025,07-09-2025,2026-2027,209
INV-STU20240209-02,STU20240209,Tuition Fee,3500.00,24-10-2025,24-09-2025,2026-2027,209
INV-STU20240210-01,STU20240210,Tuition Fee,3000.00,15-10-2025,15-09-2025,2026-2027,210
INV-STU20240210-02,STU20240210,Tuition Fee,3500.00,17-11-2025,18-10-2025,2026-2027,210
INV-STU20240211-01,STU20240211,Tuition Fee,3000.00,13-12-2025,13-11-2025,2026-2027,211
INV-STU20240211-02,STU20240211,Tuition Fee,3500.00,09-09-2025,10-08-2025,2026-2027,211
INV-STU20240212-01,STU20240212,Tuition Fee,3000.00,19-01-2026,20-12-2025,2026-2027,212
INV-STU20240212-02,STU20240212,Tuition Fee,3500.00,15-09-2025,16-08-2025,2026-2027,212
INV-STU20240213-01,STU20240213,Tuition Fee,3000.00,07-10-2025,07-09-2025,2026-2027,213
INV-STU20240213-02,STU20240213,Tuition Fee,3500.00,12-09-2025,13-08-2025,2026-2027,213
INV-STU20240214-01,STU20240214,Tuition Fee,3000.00,02-11-2025,03-10-2025,2026-2027,214
INV-STU20240214-02,STU20240214,Tuition Fee,3500.00,05-11-2025,06-10-2025,2026-2027,214
INV-STU20240215-01,STU20240215,Tuition Fee,3000.00,29-08-2025,30-07-2025,2026-2027,215
INV-STU20240215-02,STU20240215,Tuition Fee,3500.00,05-01-2026,06-12-2025,2026-2027,215
INV-STU20240216-01,STU20240216,Tuition Fee,3000.00,18-12-2025,18-11-2025,2026-2027,216
INV-STU20240216-02,STU20240216,Tuition Fee,3500.00,08-09-2025,09-08-2025,2026-2027,216
INV-STU20240217-01,STU20240217,Tuition Fee,3000.00,17-11-2025,18-10-2025,2026-2027,217
INV-STU20240217-02,STU20240217,Tuition Fee,3500.00,28-10-2025,28-09-2025,2026-2027,217
INV-STU20240218-01,STU20240218,Tuition Fee,3000.00,29-10-2025,29-09-2025,2026-2027,218
INV-STU20240218-02,STU20240218,Tuition Fee,3500.00,17-10-2025,17-09-2025,2026-2027,218
INV-STU20240219-01,STU20240219,Tuition Fee,3000.00,25-10-2025,25-09-2025,2026-2027,219
INV-STU20240219-02,STU20240219,Tuition Fee,3500.00,15-11-2025,16-10-2025,2026-2027,219
INV-STU20240220-01,STU20240220,Tuition Fee,3000.00,11-12-2025,11-11-2025,2026-2027,220
INV-STU20240220-02,STU20240220,Tuition Fee,3500.00,01-01-2026,02-12-2025,2026-2027,220
INV-STU20240221-01,STU20240221,Tuition Fee,3000.00,23-01-2026,24-12-2025,2026-2027,221
INV-STU20240221-02,STU20240221,Tuition Fee,3500.00,07-09-2025,08-08-2025,2026-2027,221
INV-STU20240222-01,STU20240222,Tuition Fee,3000.00,05-11-2025,06-10-2025,2026-2027,222
INV-STU20240222-02,STU20240222,Tuition Fee,3500.00,06-12-2025,06-11-2025,2026-2027,222
INV-STU20240223-01,STU20240223,Tuition Fee,3000.00,01-01-2026,02-12-2025,2026-2027,223
INV-STU20240223-02,STU20240223,Tuition Fee,3500.00,28-10-2025,28-09-2025,2026-2027,223
INV-STU20240224-01,STU20240224,Tuition Fee,3000.00,06-01-2026,07-12-2025,2026-2027,224
INV-STU20240224-02,STU20240224,Tuition Fee,3500.00,05-11-2025,06-10-2025,2026-2027,224
INV-STU20240225-01,STU20240225,Tuition Fee,3000.00,08-11-2025,09-10-2025,2026-2027,225
INV-STU20240225-02,STU20240225,Tuition Fee,3500.00,24-12-2025,24-11-2025,2026-2027,225
INV-STU20240226-01,STU20240226,Tuition Fee,3000.00,05-11-2025,06-10-2025,2026-2027,226
INV-STU20240226-02,STU20240226,Tuition Fee,3500.00,13-09-2025,14-08-2025,2026-2027,226
INV-STU20240227-01,STU20240227,Tuition Fee,3000.00,02-12-2025,02-11-2025,2026-2027,227
INV-STU20240227-02,STU20240227,Tuition Fee,3500.00,13-09-2025,14-08-2025,2026-2027,227
INV-STU20240228-01,STU20240228,Tuition Fee,3000.00,16-12-2025,16-11-2025,2026-2027,228
INV-STU20240228-02,STU20240228,Tuition Fee,3500.00,15-10-2025,15-09-2025,2026-2027,228
INV-STU20240229-01,STU20240229,Tuition Fee,3000.00,22-09-2025,23-08-2025,2026-2027,229
INV-STU20240229-02,STU20240229,Tuition Fee,3500.00,08-10-2025,08-09-2025,2026-2027,229
INV-STU20240230-01,STU20240230,Tuition Fee,3000.00,13-12-2025,13-11-2025,2026-2027,230
INV-STU20240230-02,STU20240230,Tuition Fee,3500.00,16-10-2025,16-09-2025,2026-2027,230
INV-STU20240231-01,STU20240231,Tuition Fee,3000.00,28-09-2025,29-08-2025,2026-2027,231
INV-STU20240231-02,STU20240231,Tuition Fee,3500.00,20-11-2025,21-10-2025,2026-2027,231
INV-STU20240232-01,STU20240232,Tuition Fee,3000.00,08-01-2026,09-12-2025,2026-2027,232
INV-STU20240232-02,STU20240232,Tuition Fee,3500.00,24-09-2025,25-08-2025,2026-2027,232
INV-STU20240233-01,STU20240233,Tuition Fee,3000.00,22-11-2025,23-10-2025,2026-2027,233
INV-STU20240233-02,STU20240233,Tuition Fee,3500.00,01-09-2025,02-08-2025,2026-2027,233
INV-STU20240234-01,STU20240234,Tuition Fee,3000.00,04-10-2025,04-09-2025,2026-2027,234
INV-STU20240234-02,STU20240234,Tuition Fee,3500.00,09-10-2025,09-09-2025,2026-2027,234
INV-STU20240235-01,STU20240235,Tuition Fee,3000.00,20-09-2025,21-08-2025,2026-2027,235
INV-STU20240235-02,STU20240235,Tuition Fee,3500.00,23-12-2025,23-11-2025,2026-2027,235
INV-STU20240236-01,STU20240236,Tuition Fee,3000.00,10-01-2026,11-12-2025,2026-2027,236
INV-STU20240236-02,STU20240236,Tuition Fee,3500.00,02-09-2025,03-08-2025,2026-2027,236
INV-STU20240237-01,STU20240237,Tuition Fee,3000.00,24-10-2025,24-09-2025,2026-2027,237
INV-STU20240237-02,STU20240237,Tuition Fee,3500.00,31-08-2025,01-08-2025,2026-2027,237
INV-STU20240238-01,STU20240238,Tuition Fee,3000.00,17-09-2025,18-08-2025,2026-2027,238
INV-STU20240238-02,STU20240238,Tuition Fee,3500.00,09-11-2025,10-10-2025,2026-2027,238
INV-STU20240239-01,STU20240239,Tuition Fee,3000.00,01-12-2025,01-11-2025,2026-2027,239
INV-STU20240239-02,STU20240239,Tuition Fee,3500.00,11-09-2025,12-08-2025,2026-2027,239
INV-STU20240240-01,STU20240240,Tuition Fee,3000.00,17-11-2025,18-10-2025,2026-2027,240
INV-STU20240240-02,STU20240240,Tuition Fee,3500.00,29-11-2025,30-10-2025,2026-2027,240
INV-STU20240241-01,STU20240241,Tuition Fee,3000.00,30-10-2025,30-09-2025,2026-2027,241
INV-STU20240241-02,STU20240241,Tuition Fee,3500.00,30-08-2025,31-07-2025,2026-2027,241
INV-STU20240242-01,STU20240242,Tuition Fee,3000.00,12-11-2025,13-10-2025,2026-2027,242
INV-STU20240242-02,STU20240242,Tuition Fee,3500.00,26-11-2025,27-10-2025,2026-2027,242
INV-STU20240243-01,STU20240243,Tuition Fee,3000.00,09-10-2025,09-09-2025,2026-2027,243
INV-STU20240243-02,STU20240243,Tuition Fee,3500.00,18-11-2025,19-10-2025,2026-2027,243
INV-STU20240244-01,STU20240244,Tuition Fee,3000.00,04-10-2025,04-09-2025,2026-2027,244
INV-STU20240244-02,STU20240244,Tuition Fee,3500.00,07-12-2025,07-11-2025,2026-2027,244
INV-STU20240245-01,STU20240245,Tuition Fee,3000.00,17-09-2025,18-08-2025,2026-2027,245
INV-STU20240245-02,STU20240245,Tuition Fee,3500.00,26-12-2025,26-11-2025,2026-2027,245
INV-STU20240246-01,STU20240246,Tuition Fee,3000.00,23-01-2026,24-12-2025,2026-2027,246
INV-STU20240246-02,STU20240246,Tuition Fee,3500.00,24-09-2025,25-08-2025,2026-2027,246
INV-STU20240247-01,STU20240247,Tuition Fee,3000.00,16-01-2026,17-12-2025,2026-2027,247
INV-STU20240247-02,STU20240247,Tuition Fee,3500.00,30-11-2025,31-10-2025,2026-2027,247
INV-STU20240248-01,STU20240248,Tuition Fee,3000.00,05-12-2025,05-11-2025,2026-2027,248
INV-STU20240248-02,STU20240248,Tuition Fee,3500.00,27-11-2025,28-10-2025,2026-2027,248
INV-STU20240249-01,STU20240249,Tuition Fee,3000.00,18-11-2025,19-10-2025,2026-2027,249
INV-STU20240249-02,STU20240249,Tuition Fee,3500.00,01-10-2025,01-09-2025,2026-2027,249
INV-STU20240250-01,STU20240250,Tuition Fee,3000.00,13-12-2025,13-11-2025,2026-2027,250
INV-STU20240250-02,STU20240250,Tuition Fee,3500.00,13-09-2025,14-08-2025,2026-2027,250
INV-STU20240251-01,STU20240251,Tuition Fee,3000.00,15-09-2025,16-08-2025,2026-2027,251
INV-STU20240251-02,STU20240251,Tuition Fee,3500.00,13-11-2025,14-10-2025,2026-2027,251
INV-STU20240252-01,STU20240252,Tuition Fee,3000.00,13-01-2026,14-12-2025,2026-2027,252
INV-STU20240252-02,STU20240252,Tuition Fee,3500.00,25-12-2025,25-11-2025,2026-2027,252
INV-STU20240253-01,STU20240253,Tuition Fee,3000.00,13-09-2025,14-08-2025,2026-2027,253
INV-STU20240253-02,STU20240253,Tuition Fee,3500.00,05-12-2025,05-11-2025,2026-2027,253
INV-STU20240254-01,STU20240254,Tuition Fee,3000.00,23-11-2025,24-10-2025,2026-2027,254
INV-STU20240254-02,STU20240254,Tuition Fee,3500.00,31-10-2025,01-10-2025,2026-2027,254
INV-STU20240255-01,STU20240255,Tuition Fee,3000.00,13-01-2026,14-12-2025,2026-2027,255
INV-STU20240255-02,STU20240255,Tuition Fee,3500.00,19-12-2025,19-11-2025,2026-2027,255
INV-STU20240256-01,STU20240256,Tuition Fee,3000.00,09-11-2025,10-10-2025,2026-2027,256
INV-STU20240256-02,STU20240256,Tuition Fee,3500.00,13-01-2026,14-12-2025,2026-2027,256
INV-STU20240257-01,STU20240257,Tuition Fee,3000.00,29-08-2025,30-07-2025,2026-2027,257
INV-STU20240257-02,STU20240257,Tuition Fee,3500.00,11-09-2025,12-08-2025,2026-2027,257
INV-STU20240258-01,STU20240258,Tuition Fee,3000.00,02-01-2026,03-12-2025,2026-2027,258
INV-STU20240258-02,STU20240258,Tuition Fee,3500.00,24-12-2025,24-11-2025,2026-2027,258
INV-STU20240259-01,STU20240259,Tuition Fee,3000.00,10-01-2026,11-12-2025,2026-2027,259
INV-STU20240259-02,STU20240259,Tuition Fee,3500.00,12-09-2025,13-08-2025,2026-2027,259
INV-STU20240260-01,STU20240260,Tuition Fee,3000.00,18-12-2025,18-11-2025,2026-2027,260
INV-STU20240260-02,STU20240260,Tuition Fee,3500.00,12-10-2025,12-09-2025,2026-2027,260
INV-STU20240261-01,STU20240261,Tuition Fee,3000.00,23-09-2025,24-08-2025,2026-2027,261
INV-STU20240261-02,STU20240261,Tuition Fee,3500.00,10-01-2026,11-12-2025,2026-2027,261
INV-STU20240262-01,STU20240262,Tuition Fee,3000.00,21-12-2025,21-11-2025,2026-2027,262
INV-STU20240262-02,STU20240262,Tuition Fee,3500.00,09-11-2025,10-10-2025,2026-2027,262
INV-STU20240263-01,STU20240263,Tuition Fee,3000.00,13-10-2025,13-09-2025,2026-2027,263
INV-STU20240263-02,STU20240263,Tuition Fee,3500.00,17-01-2026,18-12-2025,2026-2027,263
INV-STU20240264-01,STU20240264,Tuition Fee,3000.00,03-09-2025,04-08-2025,2026-2027,264
INV-STU20240264-02,STU20240264,Tuition Fee,3500.00,14-11-2025,15-10-2025,2026-2027,264
INV-STU20240265-01,STU20240265,Tuition Fee,3000.00,26-09-2025,27-08-2025,2026-2027,265
INV-STU20240265-02,STU20240265,Tuition Fee,3500.00,13-09-2025,14-08-2025,2026-2027,265
INV-STU20240266-01,STU20240266,Tuition Fee,3000.00,30-08-2025,31-07-2025,2026-2027,266
INV-STU20240266-02,STU20240266,Tuition Fee,3500.00,09-01-2026,10-12-2025,2026-2027,266
INV-STU20240267-01,STU20240267,Tuition Fee,3000.00,21-12-2025,21-11-2025,2026-2027,267
INV-STU20240267-02,STU20240267,Tuition Fee,3500.00,29-11-2025,30-10-2025,2026-2027,267
INV-STU20240268-01,STU20240268,Tuition Fee,3000.00,08-01-2026,09-12-2025,2026-2027,268
INV-STU20240268-02,STU20240268,Tuition Fee,3500.00,19-10-2025,19-09-2025,2026-2027,268
INV-STU20240269-01,STU20240269,Tuition Fee,3000.00,01-12-2025,01-11-2025,2026-2027,269
INV-STU20240269-02,STU20240269,Tuition Fee,3500.00,14-10-2025,14-09-2025,2026-2027,269
INV-STU20240270-01,STU20240270,Tuition Fee,3000.00,29-12-2025,29-11-2025,2026-2027,270
INV-STU20240270-02,STU20240270,Tuition Fee,3500.00,03-09-2025,04-08-2025,2026-2027,270
INV-STU20240271-01,STU20240271,Tuition Fee,3000.00,24-01-2026,25-12-2025,2026-2027,271
INV-STU20240271-02,STU20240271,Tuition Fee,3500.00,26-09-2025,27-08-2025,2026-2027,271
INV-STU20240272-01,STU20240272,Tuition Fee,3000.00,03-01-2026,04-12-2025,2026-2027,272
INV-STU20240272-02,STU20240272,Tuition Fee,3500.00,03-01-2026,04-12-2025,2026-2027,272
INV-STU20240273-01,STU20240273,Tuition Fee,3000.00,10-12-2025,10-11-2025,2026-2027,273
INV-STU20240273-02,STU20240273,Tuition Fee,3500.00,29-08-2025,30-07-2025,2026-2027,273
INV-STU20240274-01,STU20240274,Tuition Fee,3000.00,13-01-2026,14-12-2025,2026-2027,274
INV-STU20240274-02,STU20240274,Tuition Fee,3500.00,27-10-2025,27-09-2025,2026-2027,274
INV-STU20240275-01,STU20240275,Tuition Fee,3000.00,20-12-2025,20-11-2025,2026-2027,275
INV-STU20240275-02,STU20240275,Tuition Fee,3500.00,08-11-2025,09-10-2025,2026-2027,275
INV-STU20240276-01,STU20240276,Tuition Fee,3000.00,14-11-2025,15-10-2025,2026-2027,276
INV-STU20240276-02,STU20240276,Tuition Fee,3500.00,08-11-2025,09-10-2025,2026-2027,276
INV-STU20240277-01,STU20240277,Tuition Fee,3000.00,28-12-2025,28-11-2025,2026-2027,277
INV-STU20240277-02,STU20240277,Tuition Fee,3500.00,17-09-2025,18-08-2025,2026-2027,277
INV-STU20240278-01,STU20240278,Tuition Fee,3000.00,06-11-2025,07-10-2025,2026-2027,278
INV-STU20240278-02,STU20240278,Tuition Fee,3500.00,18-11-2025,19-10-2025,2026-2027,278
INV-STU20240279-01,STU20240279,Tuition Fee,3000.00,13-09-2025,14-08-2025,2026-2027,279
INV-STU20240279-02,STU20240279,Tuition Fee,3500.00,30-09-2025,31-08-2025,2026-2027,279
INV-STU20240280-01,STU20240280,Tuition Fee,3000.00,04-09-2025,05-08-2025,2026-2027,280
INV-STU20240280-02,STU20240280,Tuition Fee,3500.00,05-10-2025,05-09-2025,2026-2027,280
INV-STU20240281-01,STU20240281,Tuition Fee,3000.00,15-12-2025,15-11-2025,2026-2027,281
INV-STU20240281-02,STU20240281,Tuition Fee,3500.00,26-12-2025,26-11-2025,2026-2027,281
INV-STU20240282-01,STU20240282,Tuition Fee,3000.00,20-10-2025,20-09-2025,2026-2027,282
INV-STU20240282-02,STU20240282,Tuition Fee,3500.00,02-12-2025,02-11-2025,2026-2027,282
INV-STU20240283-01,STU20240283,Tuition Fee,3000.00,14-11-2025,15-10-2025,2026-2027,283
INV-STU20240283-02,STU20240283,Tuition Fee,3500.00,22-10-2025,22-09-2025,2026-2027,283
INV-STU20240284-01,STU20240284,Tuition Fee,3000.00,13-10-2025,13-09-2025,2026-2027,284
INV-STU20240284-02,STU20240284,Tuition Fee,3500.00,13-10-2025,13-09-2025,2026-2027,284
INV-STU20240285-01,STU20240285,Tuition Fee,3000.00,18-09-2025,19-08-2025,2026-2027,285
INV-STU20240285-02,STU20240285,Tuition Fee,3500.00,01-12-2025,01-11-2025,2026-2027,285
INV-STU20240286-01,STU20240286,Tuition Fee,3000.00,09-12-2025,09-11-2025,2026-2027,286
INV-STU20240286-02,STU20240286,Tuition Fee,3500.00,12-09-2025,13-08-2025,2026-2027,286
INV-STU20240287-01,STU20240287,Tuition Fee,3000.00,08-09-2025,09-08-2025,2026-2027,287
INV-STU20240287-02,STU20240287,Tuition Fee,3500.00,06-09-2025,07-08-2025,2026-2027,287
INV-STU20240288-01,STU20240288,Tuition Fee,3000.00,11-11-2025,12-10-2025,2026-2027,288
INV-STU20240288-02,STU20240288,Tuition Fee,3500.00,08-11-2025,09-10-2025,2026-2027,288
INV-STU20240289-01,STU20240289,Tuition Fee,3000.00,16-01-2026,17-12-2025,2026-2027,289
INV-STU20240289-02,STU20240289,Tuition Fee,3500.00,14-01-2026,15-12-2025,2026-2027,289
INV-STU20240290-01,STU20240290,Tuition Fee,3000.00,17-11-2025,18-10-2025,2026-2027,290
INV-STU20240290-02,STU20240290,Tuition Fee,3500.00,29-10-2025,29-09-2025,2026-2027,290
INV-STU20240291-01,STU20240291,Tuition Fee,3000.00,18-11-2025,19-10-2025,2026-2027,291
INV-STU20240291-02,STU20240291,Tuition Fee,3500.00,23-11-2025,24-10-2025,2026-2027,291
INV-STU20240292-01,STU20240292,Tuition Fee,3000.00,06-11-2025,07-10-2025,2026-2027,292
INV-STU20240292-02,STU20240292,Tuition Fee,3500.00,20-01-2026,21-12-2025,2026-2027,292
INV-STU20240293-01,STU20240293,Tuition Fee,3000.00,19-10-2025,19-09-2025,2026-2027,293
INV-STU20240293-02,STU20240293,Tuition Fee,3500.00,08-11-2025,09-10-2025,2026-2027,293
INV-STU20240294-01,STU20240294,Tuition Fee,3000.00,17-11-2025,18-10-2025,2026-2027,294
INV-STU20240294-02,STU20240294,Tuition Fee,3500.00,18-09-2025,19-08-2025,2026-2027,294
INV-STU20240295-01,STU20240295,Tuition Fee,3000.00,28-09-2025,29-08-2025,2026-2027,295
INV-STU20240295-02,STU20240295,Tuition Fee,3500.00,22-10-2025,22-09-2025,2026-2027,295
INV-STU20240296-01,STU20240296,Tuition Fee,3000.00,10-10-2025,10-09-2025,2026-2027,296
INV-STU20240296-02,STU20240296,Tuition Fee,3500.00,27-12-2025,27-11-2025,2026-2027,296
INV-STU20240297-01,STU20240297,Tuition Fee,3000.00,12-11-2025,13-10-2025,2026-2027,297
INV-STU20240297-02,STU20240297,Tuition Fee,3500.00,04-09-2025,05-08-2025,2026-2027,297
INV-STU20240298-01,STU20240298,Tuition Fee,3000.00,12-10-2025,12-09-2025,2026-2027,298
INV-STU20240298-02,STU20240298,Tuition Fee,3500.00,13-12-2025,13-11-2025,2026-2027,298
INV-STU20240299-01,STU20240299,Tuition Fee,3000.00,28-12-2025,28-11-2025,2026-2027,299
INV-STU20240299-02,STU20240299,Tuition Fee,3500.00,25-01-2026,26-12-2025,2026-2027,299
INV-STU20240300-01,STU20240300,Tuition Fee,3000.00,25-11-2025,26-10-2025,2026-2027,300
INV-STU20240300-02,STU20240300,Tuition Fee,3500.00,30-12-2025,30-11-2025,2026-2027,300
INV-STU20240301-01,STU20240301,Tuition Fee,3000.00,01-01-2026,02-12-2025,2026-2027,301
INV-STU20240301-02,STU20240301,Tuition Fee,3500.00,23-11-2025,24-10-2025,2026-2027,301
INV-STU20240302-01,STU20240302,Tuition Fee,3000.00,15-11-2025,16-10-2025,2026-2027,302
INV-STU20240302-02,STU20240302,Tuition Fee,3500.00,12-12-2025,12-11-2025,2026-2027,302
INV-STU20240303-01,STU20240303,Tuition Fee,3000.00,14-10-2025,14-09-2025,2026-2027,303
INV-STU20240303-02,STU20240303,Tuition Fee,3500.00,12-10-2025,12-09-2025,2026-2027,303
INV-STU20240304-01,STU20240304,Tuition Fee,3000.00,01-11-2025,02-10-2025,2026-2027,304
INV-STU20240304-02,STU20240304,Tuition Fee,3500.00,13-12-2025,13-11-2025,2026-2027,304
INV-STU20240305-01,STU20240305,Tuition Fee,3000.00,02-01-2026,03-12-2025,2026-2027,305
INV-STU20240305-02,STU20240305,Tuition Fee,3500.00,19-09-2025,20-08-2025,2026-2027,305
INV-STU20240306-01,STU20240306,Tuition Fee,3000.00,31-10-2025,01-10-2025,2026-2027,306
INV-STU20240306-02,STU20240306,Tuition Fee,3500.00,22-10-2025,22-09-2025,2026-2027,306
INV-STU20240307-01,STU20240307,Tuition Fee,3000.00,10-12-2025,10-11-2025,2026-2027,307
INV-STU20240307-02,STU20240307,Tuition Fee,3500.00,29-09-2025,30-08-2025,2026-2027,307
INV-STU20240308-01,STU20240308,Tuition Fee,3000.00,01-09-2025,02-08-2025,2026-2027,308
INV-STU20240308-02,STU20240308,Tuition Fee,3500.00,15-01-2026,16-12-2025,2026-2027,308
INV-STU20240309-01,STU20240309,Tuition Fee,3000.00,24-11-2025,25-10-2025,2026-2027,309
INV-STU20240309-02,STU20240309,Tuition Fee,3500.00,10-12-2025,10-11-2025,2026-2027,309
INV-STU20240310-01,STU20240310,Tuition Fee,3000.00,28-11-2025,29-10-2025,2026-2027,310
INV-STU20240310-02,STU20240310,Tuition Fee,3500.00,02-11-2025,03-10-2025,2026-2027,310
INV-STU20240311-01,STU20240311,Tuition Fee,3000.00,24-12-2025,24-11-2025,2026-2027,311
INV-STU20240311-02,STU20240311,Tuition Fee,3500.00,26-11-2025,27-10-2025,2026-2027,311
INV-STU20240312-01,STU20240312,Tuition Fee,3000.00,05-12-2025,05-11-2025,2026-2027,312
INV-STU20240312-02,STU20240312,Tuition Fee,3500.00,16-11-2025,17-10-2025,2026-2027,312
INV-STU20240313-01,STU20240313,Tuition Fee,3000.00,29-08-2025,30-07-2025,2026-2027,313
INV-STU20240313-02,STU20240313,Tuition Fee,3500.00,02-10-2025,02-09-2025,2026-2027,313
INV-STU20240314-01,STU20240314,Tuition Fee,3000.00,22-11-2025,23-10-2025,2026-2027,314
INV-STU20240314-02,STU20240314,Tuition Fee,3500.00,14-09-2025,15-08-2025,2026-2027,314
INV-STU20240315-01,STU20240315,Tuition Fee,3000.00,05-09-2025,06-08-2025,2026-2027,315
INV-STU20240315-02,STU20240315,Tuition Fee,3500.00,02-10-2025,02-09-2025,2026-2027,315
INV-STU20240316-01,STU20240316,Tuition Fee,3000.00,18-11-2025,19-10-2025,2026-2027,316
INV-STU20240316-02,STU20240316,Tuition Fee,3500.00,18-09-2025,19-08-2025,2026-2027,316
INV-STU20240317-01,STU20240317,Tuition Fee,3000.00,20-09-2025,21-08-2025,2026-2027,317
INV-STU20240317-02,STU20240317,Tuition Fee,3500.00,01-01-2026,02-12-2025,2026-2027,317
INV-STU20240318-01,STU20240318,Tuition Fee,3000.00,18-01-2026,19-12-2025,2026-2027,318
INV-STU20240318-02,STU20240318,Tuition Fee,3500.00,26-11-2025,27-10-2025,2026-2027,318
INV-STU20240319-01,STU20240319,Tuition Fee,3000.00,09-09-2025,10-08-2025,2026-2027,319
INV-STU20240319-02,STU20240319,Tuition Fee,3500.00,02-10-2025,02-09-2025,2026-2027,319
INV-STU20240320-01,STU20240320,Tuition Fee,3000.00,03-10-2025,03-09-2025,2026-2027,320
INV-STU20240320-02,STU20240320,Tuition Fee,3500.00,21-10-2025,21-09-2025,2026-2027,320
INV-STU20240321-01,STU20240321,Tuition Fee,3000.00,30-08-2025,31-07-2025,2026-2027,321
INV-STU20240321-02,STU20240321,Tuition Fee,3500.00,30-10-2025,30-09-2025,2026-2027,321
INV-STU20240322-01,STU20240322,Tuition Fee,3000.00,14-10-2025,14-09-2025,2026-2027,322
INV-STU20240322-02,STU20240322,Tuition Fee,3500.00,14-12-2025,14-11-2025,2026-2027,322
INV-STU20240323-01,STU20240323,Tuition Fee,3000.00,10-09-2025,11-08-2025,2026-2027,323
INV-STU20240323-02,STU20240323,Tuition Fee,3500.00,31-12-2025,01-12-2025,2026-2027,323
INV-STU20240324-01,STU20240324,Tuition Fee,3000.00,25-10-2025,25-09-2025,2026-2027,324
INV-STU20240324-02,STU20240324,Tuition Fee,3500.00,16-11-2025,17-10-2025,2026-2027,324
INV-STU20240325-01,STU20240325,Tuition Fee,3000.00,20-01-2026,21-12-2025,2026-2027,325
INV-STU20240325-02,STU20240325,Tuition Fee,3500.00,09-09-2025,10-08-2025,2026-2027,325
INV-STU20240326-01,STU20240326,Tuition Fee,3000.00,22-11-2025,23-10-2025,2026-2027,326
INV-STU20240326-02,STU20240326,Tuition Fee,3500.00,16-01-2026,17-12-2025,2026-2027,326
INV-STU20240327-01,STU20240327,Tuition Fee,3000.00,01-01-2026,02-12-2025,2026-2027,327
INV-STU20240327-02,STU20240327,Tuition Fee,3500.00,31-12-2025,01-12-2025,2026-2027,327
INV-STU20240328-01,STU20240328,Tuition Fee,3000.00,28-08-2025,29-07-2025,2026-2027,328
INV-STU20240328-02,STU20240328,Tuition Fee,3500.00,14-10-2025,14-09-2025,2026-2027,328
INV-STU20240329-01,STU20240329,Tuition Fee,3000.00,22-01-2026,23-12-2025,2026-2027,329
INV-STU20240329-02,STU20240329,Tuition Fee,3500.00,07-09-2025,08-08-2025,2026-2027,329
INV-STU20240330-01,STU20240330,Tuition Fee,3000.00,18-09-2025,19-08-2025,2026-2027,330
INV-STU20240330-02,STU20240330,Tuition Fee,3500.00,28-08-2025,29-07-2025,2026-2027,330
INV-STU20240331-01,STU20240331,Tuition Fee,3000.00,19-10-2025,19-09-2025,2026-2027,331
INV-STU20240331-02,STU20240331,Tuition Fee,3500.00,15-10-2025,15-09-2025,2026-2027,331
INV-STU20240332-01,STU20240332,Tuition Fee,3000.00,04-12-2025,04-11-2025,2026-2027,332
INV-STU20240332-02,STU20240332,Tuition Fee,3500.00,23-12-2025,23-11-2025,2026-2027,332
INV-STU20240333-01,STU20240333,Tuition Fee,3000.00,04-10-2025,04-09-2025,2026-2027,333
INV-STU20240333-02,STU20240333,Tuition Fee,3500.00,05-12-2025,05-11-2025,2026-2027,333
INV-STU20240334-01,STU20240334,Tuition Fee,3000.00,19-12-2025,19-11-2025,2026-2027,334
INV-STU20240334-02,STU20240334,Tuition Fee,3500.00,16-01-2026,17-12-2025,2026-2027,334
INV-STU20240335-01,STU20240335,Tuition Fee,3000.00,06-10-2025,06-09-2025,2026-2027,335
INV-STU20240335-02,STU20240335,Tuition Fee,3500.00,04-12-2025,04-11-2025,2026-2027,335
INV-STU20240336-01,STU20240336,Tuition Fee,3000.00,23-09-2025,24-08-2025,2026-2027,336
INV-STU20240336-02,STU20240336,Tuition Fee,3500.00,08-01-2026,09-12-2025,2026-2027,336
INV-STU20240337-01,STU20240337,Tuition Fee,3000.00,04-01-2026,05-12-2025,2026-2027,337
INV-STU20240337-02,STU20240337,Tuition Fee,3500.00,01-11-2025,02-10-2025,2026-2027,337
INV-STU20240338-01,STU20240338,Tuition Fee,3000.00,27-11-2025,28-10-2025,2026-2027,338
INV-STU20240338-02,STU20240338,Tuition Fee,3500.00,16-09-2025,17-08-2025,2026-2027,338
INV-STU20240339-01,STU20240339,Tuition Fee,3000.00,17-01-2026,18-12-2025,2026-2027,339
INV-STU20240339-02,STU20240339,Tuition Fee,3500.00,14-12-2025,14-11-2025,2026-2027,339
INV-STU20240340-01,STU20240340,Tuition Fee,3000.00,29-11-2025,30-10-2025,2026-2027,340
INV-STU20240340-02,STU20240340,Tuition Fee,3500.00,10-12-2025,10-11-2025,2026-2027,340
INV-STU20240341-01,STU20240341,Tuition Fee,3000.00,15-11-2025,16-10-2025,2026-2027,341
INV-STU20240341-02,STU20240341,Tuition Fee,3500.00,19-11-2025,20-10-2025,2026-2027,341
INV-STU20240342-01,STU20240342,Tuition Fee,3000.00,06-11-2025,07-10-2025,2026-2027,342
INV-STU20240342-02,STU20240342,Tuition Fee,3500.00,26-09-2025,27-08-2025,2026-2027,342
INV-STU20240343-01,STU20240343,Tuition Fee,3000.00,23-10-2025,23-09-2025,2026-2027,343
INV-STU20240343-02,STU20240343,Tuition Fee,3500.00,02-09-2025,03-08-2025,2026-2027,343
INV-STU20240344-01,STU20240344,Tuition Fee,3000.00,19-01-2026,20-12-2025,2026-2027,344
INV-STU20240344-02,STU20240344,Tuition Fee,3500.00,04-12-2025,04-11-2025,2026-2027,344
INV-STU20240345-01,STU20240345,Tuition Fee,3000.00,06-12-2025,06-11-2025,2026-2027,345
INV-STU20240345-02,STU20240345,Tuition Fee,3500.00,20-10-2025,20-09-2025,2026-2027,345
INV-STU20240346-01,STU20240346,Tuition Fee,3000.00,07-12-2025,07-11-2025,2026-2027,346
INV-STU20240346-02,STU20240346,Tuition Fee,3500.00,07-09-2025,08-08-2025,2026-2027,346
INV-STU20240347-01,STU20240347,Tuition Fee,3000.00,18-01-2026,19-12-2025,2026-2027,347
INV-STU20240347-02,STU20240347,Tuition Fee,3500.00,07-12-2025,07-11-2025,2026-2027,347
INV-STU20240348-01,STU20240348,Tuition Fee,3000.00,01-11-2025,02-10-2025,2026-2027,348
INV-STU20240348-02,STU20240348,Tuition Fee,3500.00,13-11-2025,14-10-2025,2026-2027,348
INV-STU20240349-01,STU20240349,Tuition Fee,3000.00,05-01-2026,06-12-2025,2026-2027,349
INV-STU20240349-02,STU20240349,Tuition Fee,3500.00,23-12-2025,23-11-2025,2026-2027,349
INV-STU20240350-01,STU20240350,Tuition Fee,3000.00,02-10-2025,02-09-2025,2026-2027,350
INV-STU20240350-02,STU20240350,Tuition Fee,3500.00,18-01-2026,19-12-2025,2026-2027,350
INV-STU20240351-01,STU20240351,Tuition Fee,3000.00,24-09-2025,25-08-2025,2026-2027,351
INV-STU20240351-02,STU20240351,Tuition Fee,3500.00,14-12-2025,14-11-2025,2026-2027,351
INV-STU20240352-01,STU20240352,Tuition Fee,3000.00,16-09-2025,17-08-2025,2026-2027,352
INV-STU20240352-02,STU20240352,Tuition Fee,3500.00,15-01-2026,16-12-2025,2026-2027,352
INV-STU20240353-01,STU20240353,Tuition Fee,3000.00,22-11-2025,23-10-2025,2026-2027,353
INV-STU20240353-02,STU20240353,Tuition Fee,3500.00,31-08-2025,01-08-2025,2026-2027,353
INV-STU20240354-01,STU20240354,Tuition Fee,3000.00,28-09-2025,29-08-2025,2026-2027,354
INV-STU20240354-02,STU20240354,Tuition Fee,3500.00,04-10-2025,04-09-2025,2026-2027,354
INV-STU20240355-01,STU20240355,Tuition Fee,3000.00,05-12-2025,05-11-2025,2026-2027,355
INV-STU20240355-02,STU20240355,Tuition Fee,3500.00,14-12-2025,14-11-2025,2026-2027,355
INV-STU20240356-01,STU20240356,Tuition Fee,3000.00,12-11-2025,13-10-2025,2026-2027,356
INV-STU20240356-02,STU20240356,Tuition Fee,3500.00,26-10-2025,26-09-2025,2026-2027,356
INV-STU20240357-01,STU20240357,Tuition Fee,3000.00,21-12-2025,21-11-2025,2026-2027,357
INV-STU20240357-02,STU20240357,Tuition Fee,3500.00,15-12-2025,15-11-2025,2026-2027,357
INV-STU20240358-01,STU20240358,Tuition Fee,3000.00,09-10-2025,09-09-2025,2026-2027,358
INV-STU20240358-02,STU20240358,Tuition Fee,3500.00,19-12-2025,19-11-2025,2026-2027,358
INV-STU20240359-01,STU20240359,Tuition Fee,3000.00,13-01-2026,14-12-2025,2026-2027,359
INV-STU20240359-02,STU20240359,Tuition Fee,3500.00,11-09-2025,12-08-2025,2026-2027,359
INV-STU20240360-01,STU20240360,Tuition Fee,3000.00,18-10-2025,18-09-2025,2026-2027,360
INV-STU20240360-02,STU20240360,Tuition Fee,3500.00,12-09-2025,13-08-2025,2026-2027,360
INV-STU20240361-01,STU20240361,Tuition Fee,3000.00,03-01-2026,04-12-2025,2026-2027,361
INV-STU20240361-02,STU20240361,Tuition Fee,3500.00,14-12-2025,14-11-2025,2026-2027,361
INV-STU20240362-01,STU20240362,Tuition Fee,3000.00,06-11-2025,07-10-2025,2026-2027,362
INV-STU20240362-02,STU20240362,Tuition Fee,3500.00,19-09-2025,20-08-2025,2026-2027,362
INV-STU20240363-01,STU20240363,Tuition Fee,3000.00,21-12-2025,21-11-2025,2026-2027,363
INV-STU20240363-02,STU20240363,Tuition Fee,3500.00,22-12-2025,22-11-2025,2026-2027,363
INV-STU20240364-01,STU20240364,Tuition Fee,3000.00,10-12-2025,10-11-2025,2026-2027,364
INV-STU20240364-02,STU20240364,Tuition Fee,3500.00,14-10-2025,14-09-2025,2026-2027,364
INV-STU20240365-01,STU20240365,Tuition Fee,3000.00,22-09-2025,23-08-2025,2026-2027,365
INV-STU20240365-02,STU20240365,Tuition Fee,3500.00,30-08-2025,31-07-2025,2026-2027,365
INV-STU20240366-01,STU20240366,Tuition Fee,3000.00,30-12-2025,30-11-2025,2026-2027,366
INV-STU20240366-02,STU20240366,Tuition Fee,3500.00,15-10-2025,15-09-2025,2026-2027,366
INV-STU20240367-01,STU20240367,Tuition Fee,3000.00,10-11-2025,11-10-2025,2026-2027,367
INV-STU20240367-02,STU20240367,Tuition Fee,3500.00,28-12-2025,28-11-2025,2026-2027,367
INV-STU20240368-01,STU20240368,Tuition Fee,3000.00,03-09-2025,04-08-2025,2026-2027,368
INV-STU20240368-02,STU20240368,Tuition Fee,3500.00,03-10-2025,03-09-2025,2026-2027,368
INV-STU20240369-01,STU20240369,Tuition Fee,3000.00,30-08-2025,31-07-2025,2026-2027,369
INV-STU20240369-02,STU20240369,Tuition Fee,3500.00,21-12-2025,21-11-2025,2026-2027,369
INV-STU20240370-01,STU20240370,Tuition Fee,3000.00,19-11-2025,20-10-2025,2026-2027,370
INV-STU20240370-02,STU20240370,Tuition Fee,3500.00,29-11-2025,30-10-2025,2026-2027,370
INV-STU20240371-01,STU20240371,Tuition Fee,3000.00,09-12-2025,09-11-2025,2026-2027,371
INV-STU20240371-02,STU20240371,Tuition Fee,3500.00,10-10-2025,10-09-2025,2026-2027,371
INV-STU20240372-01,STU20240372,Tuition Fee,3000.00,29-10-2025,29-09-2025,2026-2027,372
INV-STU20240372-02,STU20240372,Tuition Fee,3500.00,25-09-2025,26-08-2025,2026-2027,372
INV-STU20240373-01,STU20240373,Tuition Fee,3000.00,05-12-2025,05-11-2025,2026-2027,373
INV-STU20240373-02,STU20240373,Tuition Fee,3500.00,16-09-2025,17-08-2025,2026-2027,373
INV-STU20240374-01,STU20240374,Tuition Fee,3000.00,11-10-2025,11-09-2025,2026-2027,374
INV-STU20240374-02,STU20240374,Tuition Fee,3500.00,09-09-2025,10-08-2025,2026-2027,374
INV-STU20240375-01,STU20240375,Tuition Fee,3000.00,22-11-2025,23-10-2025,2026-2027,375
INV-STU20240375-02,STU20240375,Tuition Fee,3500.00,17-12-2025,17-11-2025,2026-2027,375
INV-STU20240376-01,STU20240376,Tuition Fee,3000.00,06-01-2026,07-12-2025,2026-2027,376
INV-STU20240376-02,STU20240376,Tuition Fee,3500.00,13-11-2025,14-10-2025,2026-2027,376
INV-STU20240377-01,STU20240377,Tuition Fee,3000.00,28-08-2025,29-07-2025,2026-2027,377
INV-STU20240377-02,STU20240377,Tuition Fee,3500.00,08-11-2025,09-10-2025,2026-2027,377
INV-STU20240378-01,STU20240378,Tuition Fee,3000.00,10-11-2025,11-10-2025,2026-2027,378
INV-STU20240378-02,STU20240378,Tuition Fee,3500.00,02-01-2026,03-12-2025,2026-2027,378
INV-STU20240379-01,STU20240379,Tuition Fee,3000.00,25-11-2025,26-10-2025,2026-2027,379
INV-STU20240379-02,STU20240379,Tuition Fee,3500.00,25-01-2026,26-12-2025,2026-2027,379
INV-STU20240380-01,STU20240380,Tuition Fee,3000.00,21-01-2026,22-12-2025,2026-2027,380
INV-STU20240380-02,STU20240380,Tuition Fee,3500.00,14-01-2026,15-12-2025,2026-2027,380
INV-STU20240381-01,STU20240381,Tuition Fee,3000.00,18-12-2025,18-11-2025,2026-2027,381
INV-STU20240381-02,STU20240381,Tuition Fee,3500.00,05-11-2025,06-10-2025,2026-2027,381
INV-STU20240382-01,STU20240382,Tuition Fee,3000.00,26-10-2025,26-09-2025,2026-2027,382
INV-STU20240382-02,STU20240382,Tuition Fee,3500.00,20-12-2025,20-11-2025,2026-2027,382
INV-STU20240383-01,STU20240383,Tuition Fee,3000.00,24-12-2025,24-11-2025,2026-2027,383
INV-STU20240383-02,STU20240383,Tuition Fee,3500.00,31-10-2025,01-10-2025,2026-2027,383
INV-STU20240384-01,STU20240384,Tuition Fee,3000.00,25-10-2025,25-09-2025,2026-2027,384
INV-STU20240384-02,STU20240384,Tuition Fee,3500.00,26-11-2025,27-10-2025,2026-2027,384
INV-STU20240385-01,STU20240385,Tuition Fee,3000.00,05-01-2026,06-12-2025,2026-2027,385
INV-STU20240385-02,STU20240385,Tuition Fee,3500.00,05-11-2025,06-10-2025,2026-2027,385
INV-STU20240386-01,STU20240386,Tuition Fee,3000.00,10-10-2025,10-09-2025,2026-2027,386
INV-STU20240386-02,STU20240386,Tuition Fee,3500.00,16-01-2026,17-12-2025,2026-2027,386
INV-STU20240387-01,STU20240387,Tuition Fee,3000.00,01-09-2025,02-08-2025,2026-2027,387
INV-STU20240387-02,STU20240387,Tuition Fee,3500.00,02-01-2026,03-12-2025,2026-2027,387
INV-STU20240388-01,STU20240388,Tuition Fee,3000.00,04-12-2025,04-11-2025,2026-2027,388
INV-STU20240388-02,STU20240388,Tuition Fee,3500.00,25-09-2025,26-08-2025,2026-2027,388
INV-STU20240389-01,STU20240389,Tuition Fee,3000.00,27-12-2025,27-11-2025,2026-2027,389
INV-STU20240389-02,STU20240389,Tuition Fee,3500.00,21-12-2025,21-11-2025,2026-2027,389
INV-STU20240390-01,STU20240390,Tuition Fee,3000.00,23-12-2025,23-11-2025,2026-2027,390
INV-STU20240390-02,STU20240390,Tuition Fee,3500.00,07-12-2025,07-11-2025,2026-2027,390
INV-STU20240391-01,STU20240391,Tuition Fee,3000.00,18-01-2026,19-12-2025,2026-2027,391
INV-STU20240391-02,STU20240391,Tuition Fee,3500.00,14-01-2026,15-12-2025,2026-2027,391
INV-STU20240392-01,STU20240392,Tuition Fee,3000.00,05-10-2025,05-09-2025,2026-2027,392
INV-STU20240392-02,STU20240392,Tuition Fee,3500.00,11-12-2025,11-11-2025,2026-2027,392
INV-STU20240393-01,STU20240393,Tuition Fee,3000.00,04-11-2025,05-10-2025,2026-2027,393
INV-STU20240393-02,STU20240393,Tuition Fee,3500.00,01-10-2025,01-09-2025,2026-2027,393
INV-STU20240394-01,STU20240394,Tuition Fee,3000.00,22-10-2025,22-09-2025,2026-2027,394
INV-STU20240394-02,STU20240394,Tuition Fee,3500.00,26-12-2025,26-11-2025,2026-2027,394
INV-STU20240395-01,STU20240395,Tuition Fee,3000.00,25-12-2025,25-11-2025,2026-2027,395
INV-STU20240395-02,STU20240395,Tuition Fee,3500.00,28-11-2025,29-10-2025,2026-2027,395
INV-STU20240396-01,STU20240396,Tuition Fee,3000.00,30-11-2025,31-10-2025,2026-2027,396
INV-STU20240396-02,STU20240396,Tuition Fee,3500.00,07-10-2025,07-09-2025,2026-2027,396
INV-STU20240397-01,STU20240397,Tuition Fee,3000.00,17-11-2025,18-10-2025,2026-2027,397
INV-STU20240397-02,STU20240397,Tuition Fee,3500.00,20-10-2025,20-09-2025,2026-2027,397
INV-STU20240398-01,STU20240398,Tuition Fee,3000.00,27-11-2025,28-10-2025,2026-2027,398
INV-STU20240398-02,STU20240398,Tuition Fee,3500.00,13-01-2026,14-12-2025,2026-2027,398
INV-STU20240399-01,STU20240399,Tuition Fee,3000.00,26-12-2025,26-11-2025,2026-2027,399
INV-STU20240399-02,STU20240399,Tuition Fee,3500.00,08-01-2026,09-12-2025,2026-2027,399
INV-STU20240400-01,STU20240400,Tuition Fee,3000.00,11-12-2025,11-11-2025,2026-2027,400
INV-STU20240400-02,STU20240400,Tuition Fee,3500.00,18-10-2025,18-09-2025,2026-2027,400
INV-STU20240401-01,STU20240401,Tuition Fee,3000.00,23-01-2026,24-12-2025,2026-2027,401
INV-STU20240401-02,STU20240401,Tuition Fee,3500.00,06-12-2025,06-11-2025,2026-2027,401
INV-STU20240402-01,STU20240402,Tuition Fee,3000.00,22-09-2025,23-08-2025,2026-2027,402
INV-STU20240402-02,STU20240402,Tuition Fee,3500.00,06-09-2025,07-08-2025,2026-2027,402
INV-STU20240403-01,STU20240403,Tuition Fee,3000.00,10-01-2026,11-12-2025,2026-2027,403
INV-STU20240403-02,STU20240403,Tuition Fee,3500.00,15-09-2025,16-08-2025,2026-2027,403
INV-STU20240404-01,STU20240404,Tuition Fee,3000.00,12-09-2025,13-08-2025,2026-2027,404
INV-STU20240404-02,STU20240404,Tuition Fee,3500.00,30-12-2025,30-11-2025,2026-2027,404
INV-STU20240405-01,STU20240405,Tuition Fee,3000.00,25-11-2025,26-10-2025,2026-2027,405
INV-STU20240405-02,STU20240405,Tuition Fee,3500.00,10-09-2025,11-08-2025,2026-2027,405
INV-STU20240406-01,STU20240406,Tuition Fee,3000.00,23-09-2025,24-08-2025,2026-2027,406
INV-STU20240406-02,STU20240406,Tuition Fee,3500.00,13-01-2026,14-12-2025,2026-2027,406
INV-STU20240407-01,STU20240407,Tuition Fee,3000.00,06-10-2025,06-09-2025,2026-2027,407
INV-STU20240407-02,STU20240407,Tuition Fee,3500.00,08-09-2025,09-08-2025,2026-2027,407
INV-STU20240408-01,STU20240408,Tuition Fee,3000.00,26-09-2025,27-08-2025,2026-2027,408
INV-STU20240408-02,STU20240408,Tuition Fee,3500.00,15-11-2025,16-10-2025,2026-2027,408
INV-STU20240409-01,STU20240409,Tuition Fee,3000.00,16-11-2025,17-10-2025,2026-2027,409
INV-STU20240409-02,STU20240409,Tuition Fee,3500.00,25-11-2025,26-10-2025,2026-2027,409
INV-STU20240410-01,STU20240410,Tuition Fee,3000.00,12-10-2025,12-09-2025,2026-2027,410
INV-STU20240410-02,STU20240410,Tuition Fee,3500.00,25-09-2025,26-08-2025,2026-2027,410
INV-STU20240411-01,STU20240411,Tuition Fee,3000.00,07-10-2025,07-09-2025,2026-2027,411
INV-STU20240411-02,STU20240411,Tuition Fee,3500.00,31-08-2025,01-08-2025,2026-2027,411
INV-STU20240412-01,STU20240412,Tuition Fee,3000.00,29-11-2025,30-10-2025,2026-2027,412
INV-STU20240412-02,STU20240412,Tuition Fee,3500.00,31-12-2025,01-12-2025,2026-2027,412
INV-STU20240413-01,STU20240413,Tuition Fee,3000.00,29-12-2025,29-11-2025,2026-2027,413
INV-STU20240413-02,STU20240413,Tuition Fee,3500.00,24-10-2025,24-09-2025,2026-2027,413
INV-STU20240414-01,STU20240414,Tuition Fee,3000.00,16-01-2026,17-12-2025,2026-2027,414
INV-STU20240414-02,STU20240414,Tuition Fee,3500.00,29-10-2025,29-09-2025,2026-2027,414
INV-STU20240415-01,STU20240415,Tuition Fee,3000.00,01-01-2026,02-12-2025,2026-2027,415
INV-STU20240415-02,STU20240415,Tuition Fee,3500.00,10-09-2025,11-08-2025,2026-2027,415
INV-STU20240416-01,STU20240416,Tuition Fee,3000.00,18-11-2025,19-10-2025,2026-2027,416
INV-STU20240416-02,STU20240416,Tuition Fee,3500.00,11-11-2025,12-10-2025,2026-2027,416
INV-STU20240417-01,STU20240417,Tuition Fee,3000.00,18-12-2025,18-11-2025,2026-2027,417
INV-STU20240417-02,STU20240417,Tuition Fee,3500.00,05-11-2025,06-10-2025,2026-2027,417
INV-STU20240418-01,STU20240418,Tuition Fee,3000.00,15-11-2025,16-10-2025,2026-2027,418
INV-STU20240418-02,STU20240418,Tuition Fee,3500.00,29-08-2025,30-07-2025,2026-2027,418
INV-STU20240419-01,STU20240419,Tuition Fee,3000.00,07-11-2025,08-10-2025,2026-2027,419
INV-STU20240419-02,STU20240419,Tuition Fee,3500.00,17-09-2025,18-08-2025,2026-2027,419
INV-STU20240420-01,STU20240420,Tuition Fee,3000.00,17-11-2025,18-10-2025,2026-2027,420
INV-STU20240420-02,STU20240420,Tuition Fee,3500.00,01-12-2025,01-11-2025,2026-2027,420
INV-STU20240421-01,STU20240421,Tuition Fee,3000.00,18-09-2025,19-08-2025,2026-2027,421
INV-STU20240421-02,STU20240421,Tuition Fee,3500.00,21-11-2025,22-10-2025,2026-2027,421
INV-STU20240422-01,STU20240422,Tuition Fee,3000.00,21-12-2025,21-11-2025,2026-2027,422
INV-STU20240422-02,STU20240422,Tuition Fee,3500.00,13-12-2025,13-11-2025,2026-2027,422
INV-STU20240423-01,STU20240423,Tuition Fee,3000.00,17-12-2025,17-11-2025,2026-2027,423
INV-STU20240423-02,STU20240423,Tuition Fee,3500.00,01-01-2026,02-12-2025,2026-2027,423
INV-STU20240424-01,STU20240424,Tuition Fee,3000.00,26-09-2025,27-08-2025,2026-2027,424
INV-STU20240424-02,STU20240424,Tuition Fee,3500.00,06-12-2025,06-11-2025,2026-2027,424
INV-STU20240425-01,STU20240425,Tuition Fee,3000.00,06-01-2026,07-12-2025,2026-2027,425
INV-STU20240425-02,STU20240425,Tuition Fee,3500.00,14-12-2025,14-11-2025,2026-2027,425
INV-STU20240426-01,STU20240426,Tuition Fee,3000.00,26-10-2025,26-09-2025,2026-2027,426
INV-STU20240426-02,STU20240426,Tuition Fee,3500.00,25-01-2026,26-12-2025,2026-2027,426
INV-STU20240427-01,STU20240427,Tuition Fee,3000.00,28-11-2025,29-10-2025,2026-2027,427
INV-STU20240427-02,STU20240427,Tuition Fee,3500.00,10-11-2025,11-10-2025,2026-2027,427
INV-STU20240428-01,STU20240428,Tuition Fee,3000.00,02-11-2025,03-10-2025,2026-2027,428
INV-STU20240428-02,STU20240428,Tuition Fee,3500.00,25-01-2026,26-12-2025,2026-2027,428
INV-STU20240429-01,STU20240429,Tuition Fee,3000.00,19-01-2026,20-12-2025,2026-2027,429
INV-STU20240429-02,STU20240429,Tuition Fee,3500.00,28-11-2025,29-10-2025,2026-2027,429
INV-STU20240430-01,STU20240430,Tuition Fee,3000.00,09-12-2025,09-11-2025,2026-2027,430
INV-STU20240430-02,STU20240430,Tuition Fee,3500.00,19-01-2026,20-12-2025,2026-2027,430
INV-STU20240431-01,STU20240431,Tuition Fee,3000.00,19-12-2025,19-11-2025,2026-2027,431
INV-STU20240431-02,STU20240431,Tuition Fee,3500.00,24-12-2025,24-11-2025,2026-2027,431
INV-STU20240432-01,STU20240432,Tuition Fee,3000.00,14-10-2025,14-09-2025,2026-2027,432
INV-STU20240432-02,STU20240432,Tuition Fee,3500.00,28-08-2025,29-07-2025,2026-2027,432
INV-STU20240433-01,STU20240433,Tuition Fee,3000.00,31-10-2025,01-10-2025,2026-2027,433
INV-STU20240433-02,STU20240433,Tuition Fee,3500.00,06-09-2025,07-08-2025,2026-2027,433
INV-STU20240434-01,STU20240434,Tuition Fee,3000.00,25-09-2025,26-08-2025,2026-2027,434
INV-STU20240434-02,STU20240434,Tuition Fee,3500.00,05-09-2025,06-08-2025,2026-2027,434
INV-STU20240435-01,STU20240435,Tuition Fee,3000.00,22-12-2025,22-11-2025,2026-2027,435
INV-STU20240435-02,STU20240435,Tuition Fee,3500.00,19-09-2025,20-08-2025,2026-2027,435
INV-STU20240436-01,STU20240436,Tuition Fee,3000.00,15-11-2025,16-10-2025,2026-2027,436
INV-STU20240436-02,STU20240436,Tuition Fee,3500.00,20-09-2025,21-08-2025,2026-2027,436
INV-STU20240437-01,STU20240437,Tuition Fee,3000.00,20-11-2025,21-10-2025,2026-2027,437
INV-STU20240437-02,STU20240437,Tuition Fee,3500.00,05-10-2025,05-09-2025,2026-2027,437
INV-STU20240438-01,STU20240438,Tuition Fee,3000.00,11-12-2025,11-11-2025,2026-2027,438
INV-STU20240438-02,STU20240438,Tuition Fee,3500.00,21-11-2025,22-10-2025,2026-2027,438
INV-STU20240439-01,STU20240439,Tuition Fee,3000.00,29-09-2025,30-08-2025,2026-2027,439
INV-STU20240439-02,STU20240439,Tuition Fee,3500.00,08-01-2026,09-12-2025,2026-2027,439
INV-STU20240440-01,STU20240440,Tuition Fee,3000.00,04-10-2025,04-09-2025,2026-2027,440
INV-STU20240440-02,STU20240440,Tuition Fee,3500.00,04-12-2025,04-11-2025,2026-2027,440
INV-STU20240441-01,STU20240441,Tuition Fee,3000.00,18-12-2025,18-11-2025,2026-2027,441
INV-STU20240441-02,STU20240441,Tuition Fee,3500.00,31-08-2025,01-08-2025,2026-2027,441
INV-STU20240442-01,STU20240442,Tuition Fee,3000.00,24-12-2025,24-11-2025,2026-2027,442
INV-STU20240442-02,STU20240442,Tuition Fee,3500.00,07-01-2026,08-12-2025,2026-2027,442
INV-STU20240443-01,STU20240443,Tuition Fee,3000.00,04-12-2025,04-11-2025,2026-2027,443
INV-STU20240443-02,STU20240443,Tuition Fee,3500.00,21-10-2025,21-09-2025,2026-2027,443
INV-STU20240444-01,STU20240444,Tuition Fee,3000.00,29-11-2025,30-10-2025,2026-2027,444
INV-STU20240444-02,STU20240444,Tuition Fee,3500.00,23-12-2025,23-11-2025,2026-2027,444
INV-STU20240445-01,STU20240445,Tuition Fee,3000.00,24-12-2025,24-11-2025,2026-2027,445
INV-STU20240445-02,STU20240445,Tuition Fee,3500.00,20-09-2025,21-08-2025,2026-2027,445
INV-STU20240446-01,STU20240446,Tuition Fee,3000.00,26-10-2025,26-09-2025,2026-2027,446
INV-STU20240446-02,STU20240446,Tuition Fee,3500.00,12-10-2025,12-09-2025,2026-2027,446
INV-STU20240447-01,STU20240447,Tuition Fee,3000.00,04-01-2026,05-12-2025,2026-2027,447
INV-STU20240447-02,STU20240447,Tuition Fee,3500.00,26-12-2025,26-11-2025,2026-2027,447
INV-STU20240448-01,STU20240448,Tuition Fee,3000.00,08-09-2025,09-08-2025,2026-2027,448
INV-STU20240448-02,STU20240448,Tuition Fee,3500.00,11-12-2025,11-11-2025,2026-2027,448
INV-STU20240449-01,STU20240449,Tuition Fee,3000.00,25-11-2025,26-10-2025,2026-2027,449
INV-STU20240449-02,STU20240449,Tuition Fee,3500.00,09-09-2025,10-08-2025,2026-2027,449
INV-STU20240450-01,STU20240450,Tuition Fee,3000.00,02-11-2025,03-10-2025,2026-2027,450
INV-STU20240450-02,STU20240450,Tuition Fee,3500.00,29-11-2025,30-10-2025,2026-2027,450
INV-STU20240451-01,STU20240451,Tuition Fee,3000.00,18-12-2025,18-11-2025,2026-2027,451
INV-STU20240451-02,STU20240451,Tuition Fee,3500.00,16-01-2026,17-12-2025,2026-2027,451
INV-STU20240452-01,STU20240452,Tuition Fee,3000.00,10-12-2025,10-11-2025,2026-2027,452
INV-STU20240452-02,STU20240452,Tuition Fee,3500.00,18-10-2025,18-09-2025,2026-2027,452
INV-STU20240453-01,STU20240453,Tuition Fee,3000.00,24-01-2026,25-12-2025,2026-2027,453
INV-STU20240453-02,STU20240453,Tuition Fee,3500.00,06-10-2025,06-09-2025,2026-2027,453
INV-STU20240454-01,STU20240454,Tuition Fee,3000.00,12-09-2025,13-08-2025,2026-2027,454
INV-STU20240454-02,STU20240454,Tuition Fee,3500.00,02-10-2025,02-09-2025,2026-2027,454
INV-STU20240455-01,STU20240455,Tuition Fee,3000.00,04-11-2025,05-10-2025,2026-2027,455
INV-STU20240455-02,STU20240455,Tuition Fee,3500.00,07-10-2025,07-09-2025,2026-2027,455
INV-STU20240456-01,STU20240456,Tuition Fee,3000.00,04-09-2025,05-08-2025,2026-2027,456
INV-STU20240456-02,STU20240456,Tuition Fee,3500.00,21-09-2025,22-08-2025,2026-2027,456
INV-STU20240457-01,STU20240457,Tuition Fee,3000.00,09-11-2025,10-10-2025,2026-2027,457
INV-STU20240457-02,STU20240457,Tuition Fee,3500.00,09-10-2025,09-09-2025,2026-2027,457
INV-STU20240458-01,STU20240458,Tuition Fee,3000.00,09-11-2025,10-10-2025,2026-2027,458
INV-STU20240458-02,STU20240458,Tuition Fee,3500.00,05-12-2025,05-11-2025,2026-2027,458
INV-STU20240459-01,STU20240459,Tuition Fee,3000.00,26-12-2025,26-11-2025,2026-2027,459
INV-STU20240459-02,STU20240459,Tuition Fee,3500.00,06-12-2025,06-11-2025,2026-2027,459
INV-STU20240460-01,STU20240460,Tuition Fee,3000.00,11-10-2025,11-09-2025,2026-2027,460
INV-STU20240460-02,STU20240460,Tuition Fee,3500.00,11-09-2025,12-08-2025,2026-2027,460
INV-STU20240461-01,STU20240461,Tuition Fee,3000.00,22-11-2025,23-10-2025,2026-2027,461
INV-STU20240461-02,STU20240461,Tuition Fee,3500.00,10-11-2025,11-10-2025,2026-2027,461
INV-STU20240462-01,STU20240462,Tuition Fee,3000.00,15-10-2025,15-09-2025,2026-2027,462
INV-STU20240462-02,STU20240462,Tuition Fee,3500.00,14-09-2025,15-08-2025,2026-2027,462
INV-STU20240463-01,STU20240463,Tuition Fee,3000.00,24-10-2025,24-09-2025,2026-2027,463
INV-STU20240463-02,STU20240463,Tuition Fee,3500.00,04-10-2025,04-09-2025,2026-2027,463
INV-STU20240464-01,STU20240464,Tuition Fee,3000.00,04-10-2025,04-09-2025,2026-2027,464
INV-STU20240464-02,STU20240464,Tuition Fee,3500.00,07-11-2025,08-10-2025,2026-2027,464
INV-STU20240465-01,STU20240465,Tuition Fee,3000.00,25-01-2026,26-12-2025,2026-2027,465
INV-STU20240465-02,STU20240465,Tuition Fee,3500.00,30-12-2025,30-11-2025,2026-2027,465
INV-STU20240466-01,STU20240466,Tuition Fee,3000.00,14-10-2025,14-09-2025,2026-2027,466
INV-STU20240466-02,STU20240466,Tuition Fee,3500.00,20-12-2025,20-11-2025,2026-2027,466
INV-STU20240467-01,STU20240467,Tuition Fee,3000.00,08-12-2025,08-11-2025,2026-2027,467
INV-STU20240467-02,STU20240467,Tuition Fee,3500.00,06-09-2025,07-08-2025,2026-2027,467
INV-STU20240468-01,STU20240468,Tuition Fee,3000.00,22-12-2025,22-11-2025,2026-2027,468
INV-STU20240468-02,STU20240468,Tuition Fee,3500.00,11-10-2025,11-09-2025,2026-2027,468
INV-STU20240469-01,STU20240469,Tuition Fee,3000.00,06-09-2025,07-08-2025,2026-2027,469
INV-STU20240469-02,STU20240469,Tuition Fee,3500.00,01-01-2026,02-12-2025,2026-2027,469
INV-STU20240470-01,STU20240470,Tuition Fee,3000.00,21-12-2025,21-11-2025,2026-2027,470
INV-STU20240470-02,STU20240470,Tuition Fee,3500.00,30-08-2025,31-07-2025,2026-2027,470
INV-STU20240471-01,STU20240471,Tuition Fee,3000.00,25-09-2025,26-08-2025,2026-2027,471
INV-STU20240471-02,STU20240471,Tuition Fee,3500.00,09-12-2025,09-11-2025,2026-2027,471
INV-STU20240472-01,STU20240472,Tuition Fee,3000.00,20-01-2026,21-12-2025,2026-2027,472
INV-STU20240472-02,STU20240472,Tuition Fee,3500.00,13-09-2025,14-08-2025,2026-2027,472
INV-STU20240473-01,STU20240473,Tuition Fee,3000.00,07-09-2025,08-08-2025,2026-2027,473
INV-STU20240473-02,STU20240473,Tuition Fee,3500.00,08-10-2025,08-09-2025,2026-2027,473
INV-STU20240474-01,STU20240474,Tuition Fee,3000.00,07-10-2025,07-09-2025,2026-2027,474
INV-STU20240474-02,STU20240474,Tuition Fee,3500.00,10-10-2025,10-09-2025,2026-2027,474
INV-STU20240475-01,STU20240475,Tuition Fee,3000.00,04-01-2026,05-12-2025,2026-2027,475
INV-STU20240475-02,STU20240475,Tuition Fee,3500.00,04-01-2026,05-12-2025,2026-2027,475
INV-STU20240476-01,STU20240476,Tuition Fee,3000.00,11-10-2025,11-09-2025,2026-2027,476
INV-STU20240476-02,STU20240476,Tuition Fee,3500.00,22-01-2026,23-12-2025,2026-2027,476
INV-STU20240477-01,STU20240477,Tuition Fee,3000.00,10-09-2025,11-08-2025,2026-2027,477
INV-STU20240477-02,STU20240477,Tuition Fee,3500.00,11-11-2025,12-10-2025,2026-2027,477
INV-STU20240478-01,STU20240478,Tuition Fee,3000.00,25-12-2025,25-11-2025,2026-2027,478
INV-STU20240478-02,STU20240478,Tuition Fee,3500.00,23-10-2025,23-09-2025,2026-2027,478
INV-STU20240479-01,STU20240479,Tuition Fee,3000.00,04-01-2026,05-12-2025,2026-2027,479
INV-STU20240479-02,STU20240479,Tuition Fee,3500.00,29-11-2025,30-10-2025,2026-2027,479
INV-STU20240480-01,STU20240480,Tuition Fee,3000.00,03-11-2025,04-10-2025,2026-2027,480
INV-STU20240480-02,STU20240480,Tuition Fee,3500.00,02-10-2025,02-09-2025,2026-2027,480
INV-STU20240481-01,STU20240481,Tuition Fee,3000.00,16-12-2025,16-11-2025,2026-2027,481
INV-STU20240481-02,STU20240481,Tuition Fee,3500.00,15-11-2025,16-10-2025,2026-2027,481
INV-STU20240482-01,STU20240482,Tuition Fee,3000.00,05-01-2026,06-12-2025,2026-2027,482
INV-STU20240482-02,STU20240482,Tuition Fee,3500.00,20-01-2026,21-12-2025,2026-2027,482
INV-STU20240483-01,STU20240483,Tuition Fee,3000.00,15-11-2025,16-10-2025,2026-2027,483
INV-STU20240483-02,STU20240483,Tuition Fee,3500.00,07-12-2025,07-11-2025,2026-2027,483
INV-STU20240484-01,STU20240484,Tuition Fee,3000.00,12-12-2025,12-11-2025,2026-2027,484
INV-STU20240484-02,STU20240484,Tuition Fee,3500.00,28-09-2025,29-08-2025,2026-2027,484
INV-STU20240485-01,STU20240485,Tuition Fee,3000.00,08-11-2025,09-10-2025,2026-2027,485
INV-STU20240485-02,STU20240485,Tuition Fee,3500.00,07-09-2025,08-08-2025,2026-2027,485
INV-STU20240486-01,STU20240486,Tuition Fee,3000.00,19-10-2025,19-09-2025,2026-2027,486
INV-STU20240486-02,STU20240486,Tuition Fee,3500.00,23-12-2025,23-11-2025,2026-2027,486
INV-STU20240487-01,STU20240487,Tuition Fee,3000.00,10-01-2026,11-12-2025,2026-2027,487
INV-STU20240487-02,STU20240487,Tuition Fee,3500.00,20-11-2025,21-10-2025,2026-2027,487
INV-STU20240488-01,STU20240488,Tuition Fee,3000.00,17-11-2025,18-10-2025,2026-2027,488
INV-STU20240488-02,STU20240488,Tuition Fee,3500.00,20-09-2025,21-08-2025,2026-2027,488
INV-STU20240489-01,STU20240489,Tuition Fee,3000.00,17-09-2025,18-08-2025,2026-2027,489
INV-STU20240489-02,STU20240489,Tuition Fee,3500.00,16-11-2025,17-10-2025,2026-2027,489
INV-STU20240490-01,STU20240490,Tuition Fee,3000.00,16-11-2025,17-10-2025,2026-2027,490
INV-STU20240490-02,STU20240490,Tuition Fee,3500.00,28-09-2025,29-08-2025,2026-2027,490
INV-STU20240491-01,STU20240491,Tuition Fee,3000.00,28-10-2025,28-09-2025,2026-2027,491
INV-STU20240491-02,STU20240491,Tuition Fee,3500.00,20-10-2025,20-09-2025,2026-2027,491
INV-STU20240492-01,STU20240492,Tuition Fee,3000.00,18-12-2025,18-11-2025,2026-2027,492
INV-STU20240492-02,STU20240492,Tuition Fee,3500.00,22-12-2025,22-11-2025,2026-2027,492
INV-STU20240493-01,STU20240493,Tuition Fee,3000.00,16-01-2026,17-12-2025,2026-2027,493
INV-STU20240493-02,STU20240493,Tuition Fee,3500.00,16-01-2026,17-12-2025,2026-2027,493
INV-STU20240494-01,STU20240494,Tuition Fee,3000.00,02-11-2025,03-10-2025,2026-2027,494
INV-STU20240494-02,STU20240494,Tuition Fee,3500.00,03-12-2025,03-11-2025,2026-2027,494
INV-STU20240495-01,STU20240495,Tuition Fee,3000.00,24-10-2025,24-09-2025,2026-2027,495
INV-STU20240495-02,STU20240495,Tuition Fee,3500.00,29-11-2025,30-10-2025,2026-2027,495
INV-STU20240496-01,STU20240496,Tuition Fee,3000.00,24-09-2025,25-08-2025,2026-2027,496
INV-STU20240496-02,STU20240496,Tuition Fee,3500.00,20-10-2025,20-09-2025,2026-2027,496
INV-STU20240497-01,STU20240497,Tuition Fee,3000.00,06-09-2025,07-08-2025,2026-2027,497
INV-STU20240497-02,STU20240497,Tuition Fee,3500.00,28-09-2025,29-08-2025,2026-2027,497
INV-STU20240498-01,STU20240498,Tuition Fee,3000.00,07-09-2025,08-08-2025,2026-2027,498
INV-STU20240498-02,STU20240498,Tuition Fee,3500.00,14-12-2025,14-11-2025,2026-2027,498
INV-STU20240499-01,STU20240499,Tuition Fee,3000.00,28-08-2025,29-07-2025,2026-2027,499
INV-STU20240499-02,STU20240499,Tuition Fee,3500.00,09-01-2026,10-12-2025,2026-2027,499
INV-STU20240500-01,STU20240500,Tuition Fee,3000.00,21-01-2026,22-12-2025,2026-2027,500
INV-STU20240500-02,STU20240500,Tuition Fee,3500.00,01-11-2025,02-10-2025,2026-2027,500
