transaction_id,admission_number,isbn,issue_date,due_date,return_date,fine_amount,status
LIB00001,STU20240001,9789389620001,01-07-2024,15-07-2024,,0,ISSUED
LIB00002,STU20240002,9789389620001,01-07-2024,15-07-2024,,0,ISSUED
LIB00003,STU20240003,9789389620001,01-07-2024,15-07-2024,,0,ISSUED
LIB00004,STU20240004,9789389620001,01-07-2024,15-07-2024,,0,ISSUED
LIB00005,STU20240005,9789389620001,01-07-2024,15-07-2024,,0,ISSUED
LIB00006,STU20240006,9789389620001,01-07-2024,15-07-2024,,0,ISSUED
LIB00007,STU20240007,9789389620001,01-07-2024,15-07-2024,,0,ISSUED
LIB00008,STU20240008,9789389620001,01-07-2024,15-07-2024,,0,ISSUED
LIB00009,STU20240009,9789389620001,01-07-2024,15-07-2024,,0,ISSUED
LIB00010,STU20240010,9789389620001,01-07-2024,15-07-2024,,0,ISSUED
LIB00011,STU20240011,9789389620001,01-07-2024,15-07-2024,,0,ISSUED
LIB00012,STU20240012,9789389620001,01-07-2024,15-07-2024,,0,ISSUED
LIB00013,STU20240013,9789389620001,01-07-2024,15-07-2024,,0,ISSUED
LIB00014,STU20240014,9789389620001,01-07-2024,15-07-2024,,0,ISSUED
LIB00015,STU20240015,9789389620001,01-07-2024,15-07-2024,,0,ISSUED
LIB00016,STU20240016,9789389620001,01-07-2024,15-07-2024,,0,ISSUED
LIB00017,STU20240017,9789389620001,01-07-2024,15-07-2024,,0,ISSUED
LIB00018,STU20240018,9789389620001,01-07-2024,15-07-2024,,0,ISSUED
LIB00019,STU20240019,9789389620001,01-07-2024,15-07-2024,,0,ISSUED
LIB00020,STU20240020,9789389620001,01-07-2024,15-07-2024,,0,ISSUED
LIB00021,STU20240021,9789389620001,01-07-2024,15-07-2024,,0,ISSUED
LIB00022,STU20240022,9789389620001,01-07-2024,15-07-2024,,0,ISSUED
LIB00023,STU20240023,9789389620001,01-07-2024,15-07-2024,,0,ISSUED
LIB00024,STU20240024,9789389620001,01-07-2024,15-07-2024,,0,ISSUED
LIB00025,STU20240025,9789389620001,01-07-2024,15-07-2024,,0,ISSUED
LIB00026,STU20240026,9789389620001,01-07-2024,15-07-2024,,0,ISSUED
LIB00027,STU20240027,9789389620001,01-07-2024,15-07-2024,,0,ISSUED
LIB00028,STU20240028,9789389620001,01-07-2024,15-07-2024,,0,ISSUED
LIB00029,STU20240029,9789389620001,01-07-2024,15-07-2024,,0,ISSUED
LIB00030,STU20240030,9789389620001,01-07-2024,15-07-2024,,0,ISSUED
LIB00031,STU20240031,9789389620001,01-07-2024,15-07-2024,,0,ISSUED
LIB00032,STU20240032,9789389620001,01-07-2024,15-07-2024,,0,ISSUED
LIB00033,STU20240033,9789389620001,01-07-2024,15-07-2024,,0,ISSUED
LIB00034,STU20240034,9789389620001,01-07-2024,15-07-2024,,0,ISSUED
LIB00035,STU20240035,9789389620001,01-07-2024,15-07-2024,,0,ISSUED
LIB00036,STU20240036,9789389620001,01-07-2024,15-07-2024,,0,ISSUED
LIB00037,STU20240037,9789389620001,01-07-2024,15-07-2024,,0,ISSUED
LIB00038,STU20240038,9789389620001,01-07-2024,15-07-2024,,0,ISSUED
LIB00039,STU20240039,9789389620001,01-07-2024,15-07-2024,,0,ISSUED
LIB00040,STU20240040,9789389620001,01-07-2024,15-07-2024,,0,ISSUED
LIB00041,STU20240041,9789389620001,01-07-2024,15-07-2024,,0,ISSUED
LIB00042,STU20240042,9789389620001,01-07-2024,15-07-2024,,0,ISSUED
LIB00043,STU20240043,9789389620001,01-07-2024,15-07-2024,,0,ISSUED
LIB00044,STU20240044,9789389620001,01-07-2024,15-07-2024,,0,ISSUED
LIB00045,STU20240045,9789389620001,01-07-2024,15-07-2024,,0,ISSUED
LIB00046,STU20240046,9789389620001,01-07-2024,15-07-2024,,0,ISSUED
LIB00047,STU20240047,9789389620001,01-07-2024,15-07-2024,,0,ISSUED
LIB00048,STU20240048,9789389620001,01-07-2024,15-07-2024,,0,ISSUED
LIB00049,STU20240049,9789389620001,01-07-2024,15-07-2024,,0,ISSUED
LIB00050,STU20240050,9789389620001,01-07-2024,15-07-2024,,0,ISSUED
LIB00051,STU20240051,9789389620001,01-07-2024,15-07-2024,,0,ISSUED
LIB00052,STU20240052,9789389620001,01-07-2024,15-07-2024,,0,ISSUED
LIB00053,STU20240053,9789389620001,01-07-2024,15-07-2024,,0,ISSUED
LIB00054,STU20240054,9789389620001,01-07-2024,15-07-2024,,0,ISSUED
LIB00055,STU20240055,9789389620001,01-07-2024,15-07-2024,,0,ISSUED
LIB00056,STU20240056,9789389620001,01-07-2024,15-07-2024,,0,ISSUED
LIB00057,STU20240057,9789389620001,01-07-2024,15-07-2024,,0,ISSUED
LIB00058,STU20240058,9789389620001,01-07-2024,15-07-2024,,0,ISSUED
LIB00059,STU20240059,9789389620001,01-07-2024,15-07-2024,,0,ISSUED
LIB00060,STU20240060,9789389620001,01-07-2024,15-07-2024,,0,ISSUED
LIB00061,STU20240061,9789389620001,01-07-2024,15-07-2024,,0,ISSUED
LIB00062,STU20240062,9789389620001,01-07-2024,15-07-2024,,0,ISSUED
LIB00063,STU20240063,9789389620001,01-07-2024,15-07-2024,,0,ISSUED
LIB00064,STU20240064,9789389620001,01-07-2024,15-07-2024,,0,ISSUED
LIB00065,STU20240065,9789389620001,01-07-2024,15-07-2024,,0,ISSUED
LIB00066,STU20240066,9789389620001,01-07-2024,15-07-2024,,0,ISSUED
LIB00067,STU20240067,9789389620001,01-07-2024,15-07-2024,,0,ISSUED
LIB00068,STU20240068,9789389620001,01-07-2024,15-07-2024,,0,ISSUED
LIB00069,STU20240069,9789389620001,01-07-2024,15-07-2024,,0,ISSUED
LIB00070,STU20240070,9789389620001,01-07-2024,15-07-2024,,0,ISSUED
LIB00071,STU20240071,9789389620001,01-07-2024,15-07-2024,,0,ISSUED
LIB00072,STU20240072,9789389620001,01-07-2024,15-07-2024,,0,ISSUED
LIB00073,STU20240073,9789389620001,01-07-2024,15-07-2024,,0,ISSUED
LIB00074,STU20240074,9789389620001,01-07-2024,15-07-2024,,0,ISSUED
LIB00075,STU20240075,9789389620001,01-07-2024,15-07-2024,,0,ISSUED
LIB00076,STU20240076,9789389620001,01-07-2024,15-07-2024,,0,ISSUED
LIB00077,STU20240077,9789389620001,01-07-2024,15-07-2024,,0,ISSUED
LIB00078,STU20240078,9789389620001,01-07-2024,15-07-2024,,0,ISSUED
LIB00079,STU20240079,9789389620001,01-07-2024,15-07-2024,,0,ISSUED
LIB00080,STU20240080,9789389620001,01-07-2024,15-07-2024,,0,ISSUED
LIB00081,STU20240081,9789389620001,01-07-2024,15-07-2024,,0,ISSUED
LIB00082,STU20240082,9789389620001,01-07-2024,15-07-2024,,0,ISSUED
LIB00083,STU20240083,9789389620001,01-07-2024,15-07-2024,,0,ISSUED
LIB00084,STU20240084,9789389620001,01-07-2024,15-07-2024,,0,ISSUED
LIB00085,STU20240085,9789389620001,01-07-2024,15-07-2024,,0,ISSUED
LIB00086,STU20240086,9789389620001,01-07-2024,15-07-2024,,0,ISSUED
LIB00087,STU20240087,9789389620001,01-07-2024,15-07-2024,,0,ISSUED
LIB00088,STU20240088,9789389620001,01-07-2024,15-07-2024,,0,ISSUED
LIB00089,STU20240089,9789389620001,01-07-2024,15-07-2024,,0,ISSUED
LIB00090,STU20240090,9789389620001,01-07-2024,15-07-2024,,0,ISSUED
LIB00091,STU20240091,9789389620001,01-07-2024,15-07-2024,,0,ISSUED
LIB00092,STU20240092,9789389620001,01-07-2024,15-07-2024,,0,ISSUED
LIB00093,STU20240093,9789389620001,01-07-2024,15-07-2024,,0,ISSUED
LIB00094,STU20240094,9789389620001,01-07-2024,15-07-2024,,0,ISSUED
LIB00095,STU20240095,9789389620001,01-07-2024,15-07-2024,,0,ISSUED
LIB00096,STU20240096,9789389620001,01-07-2024,15-07-2024,,0,ISSUED
LIB00097,STU20240097,9789389620001,01-07-2024,15-07-2024,,0,ISSUED
LIB00098,STU20240098,9789389620001,01-07-2024,15-07-2024,,0,ISSUED
LIB00099,STU20240099,9789389620001,01-07-2024,15-07-2024,,0,ISSUED
LIB00100,STU20240100,9789389620001,01-07-2024,15-07-2024,,0,ISSUED
LIB00101,STU20240101,9789389620001,01-07-2024,15-07-2024,,0,ISSUED
LIB00102,STU20240102,9789389620001,01-07-2024,15-07-2024,,0,ISSUED
LIB00103,STU20240103,9789389620001,01-07-2024,15-07-2024,,0,ISSUED
LIB00104,STU20240104,9789389620001,01-07-2024,15-07-2024,,0,ISSUED
LIB00105,STU20240105,9789389620001,01-07-2024,15-07-2024,,0,ISSUED
LIB00106,STU20240106,9789389620001,01-07-2024,15-07-2024,,0,ISSUED
LIB00107,STU20240107,9789389620001,01-07-2024,15-07-2024,,0,ISSUED
LIB00108,STU20240108,9789389620001,01-07-2024,15-07-2024,,0,ISSUED
LIB00109,STU20240109,9789389620001,01-07-2024,15-07-2024,,0,ISSUED
LIB00110,STU20240110,9789389620001,01-07-2024,15-07-2024,,0,ISSUED
LIB00111,STU20240111,9789389620001,01-07-2024,15-07-2024,,0,ISSUED
LIB00112,STU20240112,9789389620001,01-07-2024,15-07-2024,,0,ISSUED
LIB00113,STU20240113,9789389620001,01-07-2024,15-07-2024,,0,ISSUED
LIB00114,STU20240114,9789389620001,01-07-2024,15-07-2024,,0,ISSUED
LIB00115,STU20240115,9789389620001,01-07-2024,15-07-2024,,0,ISSUED
LIB00116,STU20240116,9789389620001,01-07-2024,15-07-2024,,0,ISSUED
LIB00117,STU20240117,9789389620001,01-07-2024,15-07-2024,,0,ISSUED
LIB00118,STU20240118,9789389620001,01-07-2024,15-07-2024,,0,ISSUED
LIB00119,STU20240119,9789389620001,01-07-2024,15-07-2024,,0,ISSUED
LIB00120,STU20240120,9789389620001,01-07-2024,15-07-2024,,0,ISSUED
LIB00121,STU20240121,9789389620001,01-07-2024,15-07-2024,,0,ISSUED
LIB00122,STU20240122,9789389620001,01-07-2024,15-07-2024,,0,ISSUED
LIB00123,STU20240123,9789389620001,01-07-2024,15-07-2024,,0,ISSUED
LIB00124,STU20240124,9789389620001,01-07-2024,15-07-2024,,0,ISSUED
LIB00125,STU20240125,9789389620001,01-07-2024,15-07-2024,,0,ISSUED
LIB00126,STU20240126,9789389620001,01-07-2024,15-07-2024,,0,ISSUED
LIB00127,STU20240127,9789389620001,01-07-2024,15-07-2024,,0,ISSUED
LIB00128,STU20240128,9789389620001,01-07-2024,15-07-2024,,0,ISSUED
LIB00129,STU20240129,9789389620001,01-07-2024,15-07-2024,,0,ISSUED
LIB00130,STU20240130,9789389620001,01-07-2024,15-07-2024,,0,ISSUED
LIB00131,STU20240131,9789389620001,01-07-2024,15-07-2024,,0,ISSUED
LIB00132,STU20240132,9789389620001,01-07-2024,15-07-2024,,0,ISSUED
LIB00133,STU20240133,9789389620001,01-07-2024,15-07-2024,,0,ISSUED
LIB00134,STU20240134,9789389620001,01-07-2024,15-07-2024,,0,ISSUED
LIB00135,STU20240135,9789389620001,01-07-2024,15-07-2024,,0,ISSUED
LIB00136,STU20240136,9789389620001,01-07-2024,15-07-2024,,0,ISSUED
LIB00137,STU20240137,9789389620001,01-07-2024,15-07-2024,,0,ISSUED
LIB00138,STU20240138,9789389620001,01-07-2024,15-07-2024,,0,ISSUED
LIB00139,STU20240139,9789389620001,01-07-2024,15-07-2024,,0,ISSUED
LIB00140,STU20240140,9789389620001,01-07-2024,15-07-2024,,0,ISSUED
LIB00141,STU20240141,9789389620001,01-07-2024,15-07-2024,,0,ISSUED
LIB00142,STU20240142,9789389620001,01-07-2024,15-07-2024,,0,ISSUED
LIB00143,STU20240143,9789389620001,01-07-2024,15-07-2024,,0,ISSUED
LIB00144,STU20240144,9789389620001,01-07-2024,15-07-2024,,0,ISSUED
LIB00145,STU20240145,9789389620001,01-07-2024,15-07-2024,,0,ISSUED
LIB00146,STU20240146,9789389620001,01-07-2024,15-07-2024,,0,ISSUED
LIB00147,STU20240147,9789389620001,01-07-2024,15-07-2024,,0,ISSUED
LIB00148,STU20240148,9789389620001,01-07-2024,15-07-2024,,0,ISSUED
LIB00149,STU20240149,9789389620001,01-07-2024,15-07-2024,,0,ISSUED
LIB00150,STU20240150,9789389620001,01-07-2024,15-07-2024,,0,ISSUED
LIB00151,STU20240151,9789389620001,01-07-2024,15-07-2024,,0,ISSUED
LIB00152,STU20240152,9789389620001,01-07-2024,15-07-2024,,0,ISSUED
LIB00153,STU20240153,9789389620001,01-07-2024,15-07-2024,,0,ISSUED
LIB00154,STU20240154,9789389620001,01-07-2024,15-07-2024,,0,ISSUED
LIB00155,STU20240155,9789389620001,01-07-2024,15-07-2024,,0,ISSUED
LIB00156,STU20240156,9789389620001,01-07-2024,15-07-2024,,0,ISSUED
LIB00157,STU20240157,9789389620001,01-07-2024,15-07-2024,,0,ISSUED
LIB00158,STU20240158,9789389620001,01-07-2024,15-07-2024,,0,ISSUED
LIB00159,STU20240159,9789389620001,01-07-2024,15-07-2024,,0,ISSUED
LIB00160,STU20240160,9789389620001,01-07-2024,15-07-2024,,0,ISSUED
LIB00161,STU20240161,9789389620001,01-07-2024,15-07-2024,,0,ISSUED
LIB00162,STU20240162,9789389620001,01-07-2024,15-07-2024,,0,ISSUED
LIB00163,STU20240163,9789389620001,01-07-2024,15-07-2024,,0,ISSUED
LIB00164,STU20240164,9789389620001,01-07-2024,15-07-2024,,0,ISSUED
LIB00165,STU20240165,9789389620001,01-07-2024,15-07-2024,,0,ISSUED
LIB00166,STU20240166,9789389620001,01-07-2024,15-07-2024,,0,ISSUED
LIB00167,STU20240167,9789389620001,01-07-2024,15-07-2024,,0,ISSUED
LIB00168,STU20240168,9789389620001,01-07-2024,15-07-2024,,0,ISSUED
LIB00169,STU20240169,9789389620001,01-07-2024,15-07-2024,,0,ISSUED
LIB00170,STU20240170,9789389620001,01-07-2024,15-07-2024,,0,ISSUED
LIB00171,STU20240171,9789389620001,01-07-2024,15-07-2024,,0,ISSUED
LIB00172,STU20240172,9789389620001,01-07-2024,15-07-2024,,0,ISSUED
LIB00173,STU20240173,9789389620001,01-07-2024,15-07-2024,,0,ISSUED
LIB00174,STU20240174,9789389620001,01-07-2024,15-07-2024,,0,ISSUED
LIB00175,STU20240175,9789389620001,01-07-2024,15-07-2024,,0,ISSUED
LIB00176,STU20240176,9789389620001,01-07-2024,15-07-2024,,0,ISSUED
LIB00177,STU20240177,9789389620001,01-07-2024,15-07-2024,,0,ISSUED
LIB00178,STU20240178,9789389620001,01-07-2024,15-07-2024,,0,ISSUED
LIB00179,STU20240179,9789389620001,01-07-2024,15-07-2024,,0,ISSUED
LIB00180,STU20240180,9789389620001,01-07-2024,15-07-2024,,0,ISSUED
LIB00181,STU20240181,9789389620001,01-07-2024,15-07-2024,,0,ISSUED
LIB00182,STU20240182,9789389620001,01-07-2024,15-07-2024,,0,ISSUED
LIB00183,STU20240183,9789389620001,01-07-2024,15-07-2024,,0,ISSUED
LIB00184,STU20240184,9789389620001,01-07-2024,15-07-2024,,0,ISSUED
LIB00185,STU20240185,9789389620001,01-07-2024,15-07-2024,,0,ISSUED
LIB00186,STU20240186,9789389620001,01-07-2024,15-07-2024,,0,ISSUED
LIB00187,STU20240187,9789389620001,01-07-2024,15-07-2024,,0,ISSUED
LIB00188,STU20240188,9789389620001,01-07-2024,15-07-2024,,0,ISSUED
LIB00189,STU20240189,9789389620001,01-07-2024,15-07-2024,,0,ISSUED
LIB00190,STU20240190,9789389620001,01-07-2024,15-07-2024,,0,ISSUED
LIB00191,STU20240191,9789389620001,01-07-2024,15-07-2024,,0,ISSUED
LIB00192,STU20240192,9789389620001,01-07-2024,15-07-2024,,0,ISSUED
LIB00193,STU20240193,9789389620001,01-07-2024,15-07-2024,,0,ISSUED
LIB00194,STU20240194,9789389620001,01-07-2024,15-07-2024,,0,ISSUED
LIB00195,STU20240195,9789389620001,01-07-2024,15-07-2024,,0,ISSUED
LIB00196,STU20240196,9789389620001,01-07-2024,15-07-2024,,0,ISSUED
LIB00197,STU20240197,9789389620001,01-07-2024,15-07-2024,,0,ISSUED
LIB00198,STU20240198,9789389620001,01-07-2024,15-07-2024,,0,ISSUED
LIB00199,STU20240199,9789389620001,01-07-2024,15-07-2024,,0,ISSUED
LIB00200,STU20240200,9789389620001,01-07-2024,15-07-2024,,0,ISSUED
