admission_number,father_name,mother_name,father_phone,mother_phone,father_email,mother_email,father_occupation,mother_occupation
STU20240001,Sharma Sr.,Mrs. Sharma,9000000001,9000001001,sharma.aarav.father@example.com,sharma.aarav.mother@example.com,Business,Homemaker
STU20240002,Verma Sr.,Mrs. Verma,9000000002,9000001002,verma.arjun.father@example.com,verma.arjun.mother@example.com,Business,Homemaker
STU20240003,Singh Sr.,Mrs. Singh,9000000003,9000001003,singh.advait.father@example.com,singh.advait.mother@example.com,Business,Homemaker
STU20240004,Khan Sr.,Mrs. Khan,9000000004,9000001004,khan.aisha.father@example.com,khan.aisha.mother@example.com,Business,Homemaker
STU20240005,Gupta Sr.,Mrs. Gupta,9000000005,9000001005,gupta.diya.father@example.com,gupta.diya.mother@example.com,Business,Homemaker
STU20240006,Patel Sr.,Mrs. Patel,9000000006,9000001006,patel.isha.father@example.com,patel.isha.mother@example.com,Business,Homemaker
STU20240007,Rao Sr.,Mrs. Rao,9000000007,9000001007,rao.kabir.father@example.com,rao.kabir.mother@example.com,Business,Homemaker
STU20240008,Iyer Sr.,Mrs. Iyer,9000000008,9000001008,iyer.riya.father@example.com,iyer.riya.mother@example.com,Business,Homemaker
STU20240009,Mehta Sr.,Mrs. Mehta,9000000009,9000001009,mehta.vivaan.father@example.com,mehta.vivaan.mother@example.com,Business,Homemaker
STU20240010,Bose Sr.,Mrs. Bose,9000000010,9000001010,bose.karan.father@example.com,bose.karan.mother@example.com,Business,Homemaker
STU20240011,Nair Sr.,Mrs. Nair,9000000011,9000001011,nair.sahil.father@example.com,nair.sahil.mother@example.com,Business,Homemaker
STU20240012,Joshi Sr.,Mrs. Joshi,9000000012,9000001012,joshi.nisha.father@example.com,joshi.nisha.mother@example.com,Business,Homemaker
STU20240013,Desai Sr.,Mrs. Desai,9000000013,9000001013,desai.ananya.father@example.com,desai.ananya.mother@example.com,Business,Homemaker
STU20240014,Kumar Sr.,Mrs. Kumar,9000000014,9000001014,kumar.rohit.father@example.com,kumar.rohit.mother@example.com,Business,Homemaker
STU20240015,Chopra Sr.,Mrs. Chopra,9000000015,9000001015,chopra.priya.father@example.com,chopra.priya.mother@example.com,Business,Homemaker
STU20240016,Malhotra Sr.,Mrs. Malhotra,9000000016,9000001016,malhotra.sneha.father@example.com,malhotra.sneha.mother@example.com,Business,Homemaker
STU20240017,Reddy Sr.,Mrs. Reddy,9000000017,9000001017,reddy.tanvi.father@example.com,reddy.tanvi.mother@example.com,Business,Homemaker
STU20240018,Kapoor Sr.,Mrs. Kapoor,9000000018,9000001018,kapoor.vikram.father@example.com,kapoor.vikram.mother@example.com,Business,Homemaker
STU20240019,Das Sr.,Mrs. Das,9000000019,9000001019,das.meera.father@example.com,das.meera.mother@example.com,Business,Homemaker
STU20240020,Sen Sr.,Mrs. Sen,9000000020,9000001020,sen.sana.father@example.com,sen.sana.mother@example.com,Business,Homemaker
STU20240021,Sharma Sr.,Mrs. Sharma,9000000021,9000001021,sharma.aarav.father@example.com,sharma.aarav.mother@example.com,Business,Homemaker
STU20240022,Verma Sr.,Mrs. Verma,9000000022,9000001022,verma.arjun.father@example.com,verma.arjun.mother@example.com,Business,Homemaker
STU20240023,Singh Sr.,Mrs. Singh,9000000023,9000001023,singh.advait.father@example.com,singh.advait.mother@example.com,Business,Homemaker
STU20240024,Khan Sr.,Mrs. Khan,9000000024,9000001024,khan.aisha.father@example.com,khan.aisha.mother@example.com,Business,Homemaker
STU20240025,Gupta Sr.,Mrs. Gupta,9000000025,9000001025,gupta.diya.father@example.com,gupta.diya.mother@example.com,Business,Homemaker
STU20240026,Patel Sr.,Mrs. Patel,9000000026,9000001026,patel.isha.father@example.com,patel.isha.mother@example.com,Business,Homemaker
STU20240027,Rao Sr.,Mrs. Rao,9000000027,9000001027,rao.kabir.father@example.com,rao.kabir.mother@example.com,Business,Homemaker
STU20240028,Iyer Sr.,Mrs. Iyer,9000000028,9000001028,iyer.riya.father@example.com,iyer.riya.mother@example.com,Business,Homemaker
STU20240029,Mehta Sr.,Mrs. Mehta,9000000029,9000001029,mehta.vivaan.father@example.com,mehta.vivaan.mother@example.com,Business,Homemaker
STU20240030,Bose Sr.,Mrs. Bose,9000000030,9000001030,bose.karan.father@example.com,bose.karan.mother@example.com,Business,Homemaker
STU20240031,Nair Sr.,Mrs. Nair,9000000031,9000001031,nair.sahil.father@example.com,nair.sahil.mother@example.com,Business,Homemaker
STU20240032,Joshi Sr.,Mrs. Joshi,9000000032,9000001032,joshi.nisha.father@example.com,joshi.nisha.mother@example.com,Business,Homemaker
STU20240033,Desai Sr.,Mrs. Desai,9000000033,9000001033,desai.ananya.father@example.com,desai.ananya.mother@example.com,Business,Homemaker
STU20240034,Kumar Sr.,Mrs. Kumar,9000000034,9000001034,kumar.rohit.father@example.com,kumar.rohit.mother@example.com,Business,Homemaker
STU20240035,Chopra Sr.,Mrs. Chopra,9000000035,9000001035,chopra.priya.father@example.com,chopra.priya.mother@example.com,Business,Homemaker
STU20240036,Malhotra Sr.,Mrs. Malhotra,9000000036,9000001036,malhotra.sneha.father@example.com,malhotra.sneha.mother@example.com,Business,Homemaker
STU20240037,Reddy Sr.,Mrs. Reddy,9000000037,9000001037,reddy.tanvi.father@example.com,reddy.tanvi.mother@example.com,Business,Homemaker
STU20240038,Kapoor Sr.,Mrs. Kapoor,9000000038,9000001038,kapoor.vikram.father@example.com,kapoor.vikram.mother@example.com,Business,Homemaker
STU20240039,Das Sr.,Mrs. Das,9000000039,9000001039,das.meera.father@example.com,das.meera.mother@example.com,Business,Homemaker
STU20240040,Sen Sr.,Mrs. Sen,9000000040,9000001040,sen.sana.father@example.com,sen.sana.mother@example.com,Business,Homemaker
STU20240041,Sharma Sr.,Mrs. Sharma,9000000041,9000001041,sharma.aarav.father@example.com,sharma.aarav.mother@example.com,Business,Homemaker
STU20240042,Verma Sr.,Mrs. Verma,9000000042,9000001042,verma.arjun.father@example.com,verma.arjun.mother@example.com,Business,Homemaker
STU20240043,Singh Sr.,Mrs. Singh,9000000043,9000001043,singh.advait.father@example.com,singh.advait.mother@example.com,Business,Homemaker
STU20240044,Khan Sr.,Mrs. Khan,9000000044,9000001044,khan.aisha.father@example.com,khan.aisha.mother@example.com,Business,Homemaker
STU20240045,Gupta Sr.,Mrs. Gupta,9000000045,9000001045,gupta.diya.father@example.com,gupta.diya.mother@example.com,Business,Homemaker
STU20240046,Patel Sr.,Mrs. Patel,9000000046,9000001046,patel.isha.father@example.com,patel.isha.mother@example.com,Business,Homemaker
STU20240047,Rao Sr.,Mrs. Rao,9000000047,9000001047,rao.kabir.father@example.com,rao.kabir.mother@example.com,Business,Homemaker
STU20240048,Iyer Sr.,Mrs. Iyer,9000000048,9000001048,iyer.riya.father@example.com,iyer.riya.mother@example.com,Business,Homemaker
STU20240049,Mehta Sr.,Mrs. Mehta,9000000049,9000001049,mehta.vivaan.father@example.com,mehta.vivaan.mother@example.com,Business,Homemaker
STU20240050,Bose Sr.,Mrs. Bose,9000000050,9000001050,bose.karan.father@example.com,bose.karan.mother@example.com,Business,Homemaker
STU20240051,Nair Sr.,Mrs. Nair,9000000051,9000001051,nair.sahil.father@example.com,nair.sahil.mother@example.com,Business,Homemaker
STU20240052,Joshi Sr.,Mrs. Joshi,9000000052,9000001052,joshi.nisha.father@example.com,joshi.nisha.mother@example.com,Business,Homemaker
STU20240053,Desai Sr.,Mrs. Desai,9000000053,9000001053,desai.ananya.father@example.com,desai.ananya.mother@example.com,Business,Homemaker
STU20240054,Kumar Sr.,Mrs. Kumar,9000000054,9000001054,kumar.rohit.father@example.com,kumar.rohit.mother@example.com,Business,Homemaker
STU20240055,Chopra Sr.,Mrs. Chopra,9000000055,9000001055,chopra.priya.father@example.com,chopra.priya.mother@example.com,Business,Homemaker
STU20240056,Malhotra Sr.,Mrs. Malhotra,9000000056,9000001056,malhotra.sneha.father@example.com,malhotra.sneha.mother@example.com,Business,Homemaker
STU20240057,Reddy Sr.,Mrs. Reddy,9000000057,9000001057,reddy.tanvi.father@example.com,reddy.tanvi.mother@example.com,Business,Homemaker
STU20240058,Kapoor Sr.,Mrs. Kapoor,9000000058,9000001058,kapoor.vikram.father@example.com,kapoor.vikram.mother@example.com,Business,Homemaker
STU20240059,Das Sr.,Mrs. Das,9000000059,9000001059,das.meera.father@example.com,das.meera.mother@example.com,Business,Homemaker
STU20240060,Sen Sr.,Mrs. Sen,9000000060,9000001060,sen.sana.father@example.com,sen.sana.mother@example.com,Business,Homemaker
STU20240061,Sharma Sr.,Mrs. Sharma,9000000061,9000001061,sharma.aarav.father@example.com,sharma.aarav.mother@example.com,Business,Homemaker
STU20240062,Verma Sr.,Mrs. Verma,9000000062,9000001062,verma.arjun.father@example.com,verma.arjun.mother@example.com,Business,Homemaker
STU20240063,Singh Sr.,Mrs. Singh,9000000063,9000001063,singh.advait.father@example.com,singh.advait.mother@example.com,Business,Homemaker
STU20240064,Khan Sr.,Mrs. Khan,9000000064,9000001064,khan.aisha.father@example.com,khan.aisha.mother@example.com,Business,Homemaker
STU20240065,Gupta Sr.,Mrs. Gupta,9000000065,9000001065,gupta.diya.father@example.com,gupta.diya.mother@example.com,Business,Homemaker
STU20240066,Patel Sr.,Mrs. Patel,9000000066,9000001066,patel.isha.father@example.com,patel.isha.mother@example.com,Business,Homemaker
STU20240067,Rao Sr.,Mrs. Rao,9000000067,9000001067,rao.kabir.father@example.com,rao.kabir.mother@example.com,Business,Homemaker
STU20240068,Iyer Sr.,Mrs. Iyer,9000000068,9000001068,iyer.riya.father@example.com,iyer.riya.mother@example.com,Business,Homemaker
STU20240069,Mehta Sr.,Mrs. Mehta,9000000069,9000001069,mehta.vivaan.father@example.com,mehta.vivaan.mother@example.com,Business,Homemaker
STU20240070,Bose Sr.,Mrs. Bose,9000000070,9000001070,bose.karan.father@example.com,bose.karan.mother@example.com,Business,Homemaker
STU20240071,Nair Sr.,Mrs. Nair,9000000071,9000001071,nair.sahil.father@example.com,nair.sahil.mother@example.com,Business,Homemaker
STU20240072,Joshi Sr.,Mrs. Joshi,9000000072,9000001072,joshi.nisha.father@example.com,joshi.nisha.mother@example.com,Business,Homemaker
STU20240073,Desai Sr.,Mrs. Desai,9000000073,9000001073,desai.ananya.father@example.com,desai.ananya.mother@example.com,Business,Homemaker
STU20240074,Kumar Sr.,Mrs. Kumar,9000000074,9000001074,kumar.rohit.father@example.com,kumar.rohit.mother@example.com,Business,Homemaker
STU20240075,Chopra Sr.,Mrs. Chopra,9000000075,9000001075,chopra.priya.father@example.com,chopra.priya.mother@example.com,Business,Homemaker
STU20240076,Malhotra Sr.,Mrs. Malhotra,9000000076,9000001076,malhotra.sneha.father@example.com,malhotra.sneha.mother@example.com,Business,Homemaker
STU20240077,Reddy Sr.,Mrs. Reddy,9000000077,9000001077,reddy.tanvi.father@example.com,reddy.tanvi.mother@example.com,Business,Homemaker
STU20240078,Kapoor Sr.,Mrs. Kapoor,9000000078,9000001078,kapoor.vikram.father@example.com,kapoor.vikram.mother@example.com,Business,Homemaker
STU20240079,Das Sr.,Mrs. Das,9000000079,9000001079,das.meera.father@example.com,das.meera.mother@example.com,Business,Homemaker
STU20240080,Sen Sr.,Mrs. Sen,9000000080,9000001080,sen.sana.father@example.com,sen.sana.mother@example.com,Business,Homemaker
STU20240081,Sharma Sr.,Mrs. Sharma,9000000081,9000001081,sharma.aarav.father@example.com,sharma.aarav.mother@example.com,Business,Homemaker
STU20240082,Verma Sr.,Mrs. Verma,9000000082,9000001082,verma.arjun.father@example.com,verma.arjun.mother@example.com,Business,Homemaker
STU20240083,Singh Sr.,Mrs. Singh,9000000083,9000001083,singh.advait.father@example.com,singh.advait.mother@example.com,Business,Homemaker
STU20240084,Khan Sr.,Mrs. Khan,9000000084,9000001084,khan.aisha.father@example.com,khan.aisha.mother@example.com,Business,Homemaker
STU20240085,Gupta Sr.,Mrs. Gupta,9000000085,9000001085,gupta.diya.father@example.com,gupta.diya.mother@example.com,Business,Homemaker
STU20240086,Patel Sr.,Mrs. Patel,9000000086,9000001086,patel.isha.father@example.com,patel.isha.mother@example.com,Business,Homemaker
STU20240087,Rao Sr.,Mrs. Rao,9000000087,9000001087,rao.kabir.father@example.com,rao.kabir.mother@example.com,Business,Homemaker
STU20240088,Iyer Sr.,Mrs. Iyer,9000000088,9000001088,iyer.riya.father@example.com,iyer.riya.mother@example.com,Business,Homemaker
STU20240089,Mehta Sr.,Mrs. Mehta,9000000089,9000001089,mehta.vivaan.father@example.com,mehta.vivaan.mother@example.com,Business,Homemaker
STU20240090,Bose Sr.,Mrs. Bose,9000000090,9000001090,bose.karan.father@example.com,bose.karan.mother@example.com,Business,Homemaker
STU20240091,Nair Sr.,Mrs. Nair,9000000091,9000001091,nair.sahil.father@example.com,nair.sahil.mother@example.com,Business,Homemaker
STU20240092,Joshi Sr.,Mrs. Joshi,9000000092,9000001092,joshi.nisha.father@example.com,joshi.nisha.mother@example.com,Business,Homemaker
STU20240093,Desai Sr.,Mrs. Desai,9000000093,9000001093,desai.ananya.father@example.com,desai.ananya.mother@example.com,Business,Homemaker
STU20240094,Kumar Sr.,Mrs. Kumar,9000000094,9000001094,kumar.rohit.father@example.com,kumar.rohit.mother@example.com,Business,Homemaker
STU20240095,Chopra Sr.,Mrs. Chopra,9000000095,9000001095,chopra.priya.father@example.com,chopra.priya.mother@example.com,Business,Homemaker
STU20240096,Malhotra Sr.,Mrs. Malhotra,9000000096,9000001096,malhotra.sneha.father@example.com,malhotra.sneha.mother@example.com,Business,Homemaker
STU20240097,Reddy Sr.,Mrs. Reddy,9000000097,9000001097,reddy.tanvi.father@example.com,reddy.tanvi.mother@example.com,Business,Homemaker
STU20240098,Kapoor Sr.,Mrs. Kapoor,9000000098,9000001098,kapoor.vikram.father@example.com,kapoor.vikram.mother@example.com,Business,Homemaker
STU20240099,Das Sr.,Mrs. Das,9000000099,9000001099,das.meera.father@example.com,das.meera.mother@example.com,Business,Homemaker
STU20240100,Sen Sr.,Mrs. Sen,9000000100,9000001100,sen.sana.father@example.com,sen.sana.mother@example.com,Business,Homemaker
STU20240101,Sharma Sr.,Mrs. Sharma,9000000101,9000001101,sharma.aarav.father@example.com,sharma.aarav.mother@example.com,Business,Homemaker
STU20240102,Verma Sr.,Mrs. Verma,9000000102,9000001102,verma.arjun.father@example.com,verma.arjun.mother@example.com,Business,Homemaker
STU20240103,Singh Sr.,Mrs. Singh,9000000103,9000001103,singh.advait.father@example.com,singh.advait.mother@example.com,Business,Homemaker
STU20240104,Khan Sr.,Mrs. Khan,9000000104,9000001104,khan.aisha.father@example.com,khan.aisha.mother@example.com,Business,Homemaker
STU20240105,Gupta Sr.,Mrs. Gupta,9000000105,9000001105,gupta.diya.father@example.com,gupta.diya.mother@example.com,Business,Homemaker
STU20240106,Patel Sr.,Mrs. Patel,9000000106,9000001106,patel.isha.father@example.com,patel.isha.mother@example.com,Business,Homemaker
STU20240107,Rao Sr.,Mrs. Rao,9000000107,9000001107,rao.kabir.father@example.com,rao.kabir.mother@example.com,Business,Homemaker
STU20240108,Iyer Sr.,Mrs. Iyer,9000000108,9000001108,iyer.riya.father@example.com,iyer.riya.mother@example.com,Business,Homemaker
STU20240109,Mehta Sr.,Mrs. Mehta,9000000109,9000001109,mehta.vivaan.father@example.com,mehta.vivaan.mother@example.com,Business,Homemaker
STU20240110,Bose Sr.,Mrs. Bose,9000000110,9000001110,bose.karan.father@example.com,bose.karan.mother@example.com,Business,Homemaker
STU20240111,Nair Sr.,Mrs. Nair,9000000111,9000001111,nair.sahil.father@example.com,nair.sahil.mother@example.com,Business,Homemaker
STU20240112,Joshi Sr.,Mrs. Joshi,9000000112,9000001112,joshi.nisha.father@example.com,joshi.nisha.mother@example.com,Business,Homemaker
STU20240113,Desai Sr.,Mrs. Desai,9000000113,9000001113,desai.ananya.father@example.com,desai.ananya.mother@example.com,Business,Homemaker
STU20240114,Kumar Sr.,Mrs. Kumar,9000000114,9000001114,kumar.rohit.father@example.com,kumar.rohit.mother@example.com,Business,Homemaker
STU20240115,Chopra Sr.,Mrs. Chopra,9000000115,9000001115,chopra.priya.father@example.com,chopra.priya.mother@example.com,Business,Homemaker
STU20240116,Malhotra Sr.,Mrs. Malhotra,9000000116,9000001116,malhotra.sneha.father@example.com,malhotra.sneha.mother@example.com,Business,Homemaker
STU20240117,Reddy Sr.,Mrs. Reddy,9000000117,9000001117,reddy.tanvi.father@example.com,reddy.tanvi.mother@example.com,Business,Homemaker
STU20240118,Kapoor Sr.,Mrs. Kapoor,9000000118,9000001118,kapoor.vikram.father@example.com,kapoor.vikram.mother@example.com,Business,Homemaker
STU20240119,Das Sr.,Mrs. Das,9000000119,9000001119,das.meera.father@example.com,das.meera.mother@example.com,Business,Homemaker
STU20240120,Sen Sr.,Mrs. Sen,9000000120,9000001120,sen.sana.father@example.com,sen.sana.mother@example.com,Business,Homemaker
STU20240121,Sharma Sr.,Mrs. Sharma,9000000121,9000001121,sharma.aarav.father@example.com,sharma.aarav.mother@example.com,Business,Homemaker
STU20240122,Verma Sr.,Mrs. Verma,9000000122,9000001122,verma.arjun.father@example.com,verma.arjun.mother@example.com,Business,Homemaker
STU20240123,Singh Sr.,Mrs. Singh,9000000123,9000001123,singh.advait.father@example.com,singh.advait.mother@example.com,Business,Homemaker
STU20240124,Khan Sr.,Mrs. Khan,9000000124,9000001124,khan.aisha.father@example.com,khan.aisha.mother@example.com,Business,Homemaker
STU20240125,Gupta Sr.,Mrs. Gupta,9000000125,9000001125,gupta.diya.father@example.com,gupta.diya.mother@example.com,Business,Homemaker
STU20240126,Patel Sr.,Mrs. Patel,9000000126,9000001126,patel.isha.father@example.com,patel.isha.mother@example.com,Business,Homemaker
STU20240127,Rao Sr.,Mrs. Rao,9000000127,9000001127,rao.kabir.father@example.com,rao.kabir.mother@example.com,Business,Homemaker
STU20240128,Iyer Sr.,Mrs. Iyer,9000000128,9000001128,iyer.riya.father@example.com,iyer.riya.mother@example.com,Business,Homemaker
STU20240129,Mehta Sr.,Mrs. Mehta,9000000129,9000001129,mehta.vivaan.father@example.com,mehta.vivaan.mother@example.com,Business,Homemaker
STU20240130,Bose Sr.,Mrs. Bose,9000000130,9000001130,bose.karan.father@example.com,bose.karan.mother@example.com,Business,Homemaker
STU20240131,Nair Sr.,Mrs. Nair,9000000131,9000001131,nair.sahil.father@example.com,nair.sahil.mother@example.com,Business,Homemaker
STU20240132,Joshi Sr.,Mrs. Joshi,9000000132,9000001132,joshi.nisha.father@example.com,joshi.nisha.mother@example.com,Business,Homemaker
STU20240133,Desai Sr.,Mrs. Desai,9000000133,9000001133,desai.ananya.father@example.com,desai.ananya.mother@example.com,Business,Homemaker
STU20240134,Kumar Sr.,Mrs. Kumar,9000000134,9000001134,kumar.rohit.father@example.com,kumar.rohit.mother@example.com,Business,Homemaker
STU20240135,Chopra Sr.,Mrs. Chopra,9000000135,9000001135,chopra.priya.father@example.com,chopra.priya.mother@example.com,Business,Homemaker
STU20240136,Malhotra Sr.,Mrs. Malhotra,9000000136,9000001136,malhotra.sneha.father@example.com,malhotra.sneha.mother@example.com,Business,Homemaker
STU20240137,Reddy Sr.,Mrs. Reddy,9000000137,9000001137,reddy.tanvi.father@example.com,reddy.tanvi.mother@example.com,Business,Homemaker
STU20240138,Kapoor Sr.,Mrs. Kapoor,9000000138,9000001138,kapoor.vikram.father@example.com,kapoor.vikram.mother@example.com,Business,Homemaker
STU20240139,Das Sr.,Mrs. Das,9000000139,9000001139,das.meera.father@example.com,das.meera.mother@example.com,Business,Homemaker
STU20240140,Sen Sr.,Mrs. Sen,9000000140,9000001140,sen.sana.father@example.com,sen.sana.mother@example.com,Business,Homemaker
STU20240141,Sharma Sr.,Mrs. Sharma,9000000141,9000001141,sharma.aarav.father@example.com,sharma.aarav.mother@example.com,Business,Homemaker
STU20240142,Verma Sr.,Mrs. Verma,9000000142,9000001142,verma.arjun.father@example.com,verma.arjun.mother@example.com,Business,Homemaker
STU20240143,Singh Sr.,Mrs. Singh,9000000143,9000001143,singh.advait.father@example.com,singh.advait.mother@example.com,Business,Homemaker
STU20240144,Khan Sr.,Mrs. Khan,9000000144,9000001144,khan.aisha.father@example.com,khan.aisha.mother@example.com,Business,Homemaker
STU20240145,Gupta Sr.,Mrs. Gupta,9000000145,9000001145,gupta.diya.father@example.com,gupta.diya.mother@example.com,Business,Homemaker
STU20240146,Patel Sr.,Mrs. Patel,9000000146,9000001146,patel.isha.father@example.com,patel.isha.mother@example.com,Business,Homemaker
STU20240147,Rao Sr.,Mrs. Rao,9000000147,9000001147,rao.kabir.father@example.com,rao.kabir.mother@example.com,Business,Homemaker
STU20240148,Iyer Sr.,Mrs. Iyer,9000000148,9000001148,iyer.riya.father@example.com,iyer.riya.mother@example.com,Business,Homemaker
STU20240149,Mehta Sr.,Mrs. Mehta,9000000149,9000001149,mehta.vivaan.father@example.com,mehta.vivaan.mother@example.com,Business,Homemaker
STU20240150,Bose Sr.,Mrs. Bose,9000000150,9000001150,bose.karan.father@example.com,bose.karan.mother@example.com,Business,Homemaker
STU20240151,Nair Sr.,Mrs. Nair,9000000151,9000001151,nair.sahil.father@example.com,nair.sahil.mother@example.com,Business,Homemaker
STU20240152,Joshi Sr.,Mrs. Joshi,9000000152,9000001152,joshi.nisha.father@example.com,joshi.nisha.mother@example.com,Business,Homemaker
STU20240153,Desai Sr.,Mrs. Desai,9000000153,9000001153,desai.ananya.father@example.com,desai.ananya.mother@example.com,Business,Homemaker
STU20240154,Kumar Sr.,Mrs. Kumar,9000000154,9000001154,kumar.rohit.father@example.com,kumar.rohit.mother@example.com,Business,Homemaker
STU20240155,Chopra Sr.,Mrs. Chopra,9000000155,9000001155,chopra.priya.father@example.com,chopra.priya.mother@example.com,Business,Homemaker
STU20240156,Malhotra Sr.,Mrs. Malhotra,9000000156,9000001156,malhotra.sneha.father@example.com,malhotra.sneha.mother@example.com,Business,Homemaker
STU20240157,Reddy Sr.,Mrs. Reddy,9000000157,9000001157,reddy.tanvi.father@example.com,reddy.tanvi.mother@example.com,Business,Homemaker
STU20240158,Kapoor Sr.,Mrs. Kapoor,9000000158,9000001158,kapoor.vikram.father@example.com,kapoor.vikram.mother@example.com,Business,Homemaker
STU20240159,Das Sr.,Mrs. Das,9000000159,9000001159,das.meera.father@example.com,das.meera.mother@example.com,Business,Homemaker
STU20240160,Sen Sr.,Mrs. Sen,9000000160,9000001160,sen.sana.father@example.com,sen.sana.mother@example.com,Business,Homemaker
STU20240161,Sharma Sr.,Mrs. Sharma,9000000161,9000001161,sharma.aarav.father@example.com,sharma.aarav.mother@example.com,Business,Homemaker
STU20240162,Verma Sr.,Mrs. Verma,9000000162,9000001162,verma.arjun.father@example.com,verma.arjun.mother@example.com,Business,Homemaker
STU20240163,Singh Sr.,Mrs. Singh,9000000163,9000001163,singh.advait.father@example.com,singh.advait.mother@example.com,Business,Homemaker
STU20240164,Khan Sr.,Mrs. Khan,9000000164,9000001164,khan.aisha.father@example.com,khan.aisha.mother@example.com,Business,Homemaker
STU20240165,Gupta Sr.,Mrs. Gupta,9000000165,9000001165,gupta.diya.father@example.com,gupta.diya.mother@example.com,Business,Homemaker
STU20240166,Patel Sr.,Mrs. Patel,9000000166,9000001166,patel.isha.father@example.com,patel.isha.mother@example.com,Business,Homemaker
STU20240167,Rao Sr.,Mrs. Rao,9000000167,9000001167,rao.kabir.father@example.com,rao.kabir.mother@example.com,Business,Homemaker
STU20240168,Iyer Sr.,Mrs. Iyer,9000000168,9000001168,iyer.riya.father@example.com,iyer.riya.mother@example.com,Business,Homemaker
STU20240169,Mehta Sr.,Mrs. Mehta,9000000169,9000001169,mehta.vivaan.father@example.com,mehta.vivaan.mother@example.com,Business,Homemaker
STU20240170,Bose Sr.,Mrs. Bose,9000000170,9000001170,bose.karan.father@example.com,bose.karan.mother@example.com,Business,Homemaker
STU20240171,Nair Sr.,Mrs. Nair,9000000171,9000001171,nair.sahil.father@example.com,nair.sahil.mother@example.com,Business,Homemaker
STU20240172,Joshi Sr.,Mrs. Joshi,9000000172,9000001172,joshi.nisha.father@example.com,joshi.nisha.mother@example.com,Business,Homemaker
STU20240173,Desai Sr.,Mrs. Desai,9000000173,9000001173,desai.ananya.father@example.com,desai.ananya.mother@example.com,Business,Homemaker
STU20240174,Kumar Sr.,Mrs. Kumar,9000000174,9000001174,kumar.rohit.father@example.com,kumar.rohit.mother@example.com,Business,Homemaker
STU20240175,Chopra Sr.,Mrs. Chopra,9000000175,9000001175,chopra.priya.father@example.com,chopra.priya.mother@example.com,Business,Homemaker
STU20240176,Malhotra Sr.,Mrs. Malhotra,9000000176,9000001176,malhotra.sneha.father@example.com,malhotra.sneha.mother@example.com,Business,Homemaker
STU20240177,Reddy Sr.,Mrs. Reddy,9000000177,9000001177,reddy.tanvi.father@example.com,reddy.tanvi.mother@example.com,Business,Homemaker
STU20240178,Kapoor Sr.,Mrs. Kapoor,9000000178,9000001178,kapoor.vikram.father@example.com,kapoor.vikram.mother@example.com,Business,Homemaker
STU20240179,Das Sr.,Mrs. Das,9000000179,9000001179,das.meera.father@example.com,das.meera.mother@example.com,Business,Homemaker
STU20240180,Sen Sr.,Mrs. Sen,9000000180,9000001180,sen.sana.father@example.com,sen.sana.mother@example.com,Business,Homemaker
STU20240181,Sharma Sr.,Mrs. Sharma,9000000181,9000001181,sharma.aarav.father@example.com,sharma.aarav.mother@example.com,Business,Homemaker
STU20240182,Verma Sr.,Mrs. Verma,9000000182,9000001182,verma.arjun.father@example.com,verma.arjun.mother@example.com,Business,Homemaker
STU20240183,Singh Sr.,Mrs. Singh,9000000183,9000001183,singh.advait.father@example.com,singh.advait.mother@example.com,Business,Homemaker
STU20240184,Khan Sr.,Mrs. Khan,9000000184,9000001184,khan.aisha.father@example.com,khan.aisha.mother@example.com,Business,Homemaker
STU20240185,Gupta Sr.,Mrs. Gupta,9000000185,9000001185,gupta.diya.father@example.com,gupta.diya.mother@example.com,Business,Homemaker
STU20240186,Patel Sr.,Mrs. Patel,9000000186,9000001186,patel.isha.father@example.com,patel.isha.mother@example.com,Business,Homemaker
STU20240187,Rao Sr.,Mrs. Rao,9000000187,9000001187,rao.kabir.father@example.com,rao.kabir.mother@example.com,Business,Homemaker
STU20240188,Iyer Sr.,Mrs. Iyer,9000000188,9000001188,iyer.riya.father@example.com,iyer.riya.mother@example.com,Business,Homemaker
STU20240189,Mehta Sr.,Mrs. Mehta,9000000189,9000001189,mehta.vivaan.father@example.com,mehta.vivaan.mother@example.com,Business,Homemaker
STU20240190,Bose Sr.,Mrs. Bose,9000000190,9000001190,bose.karan.father@example.com,bose.karan.mother@example.com,Business,Homemaker
STU20240191,Nair Sr.,Mrs. Nair,9000000191,9000001191,nair.sahil.father@example.com,nair.sahil.mother@example.com,Business,Homemaker
STU20240192,Joshi Sr.,Mrs. Joshi,9000000192,9000001192,joshi.nisha.father@example.com,joshi.nisha.mother@example.com,Business,Homemaker
STU20240193,Desai Sr.,Mrs. Desai,9000000193,9000001193,desai.ananya.father@example.com,desai.ananya.mother@example.com,Business,Homemaker
STU20240194,Kumar Sr.,Mrs. Kumar,9000000194,9000001194,kumar.rohit.father@example.com,kumar.rohit.mother@example.com,Business,Homemaker
STU20240195,Chopra Sr.,Mrs. Chopra,9000000195,9000001195,chopra.priya.father@example.com,chopra.priya.mother@example.com,Business,Homemaker
STU20240196,Malhotra Sr.,Mrs. Malhotra,9000000196,9000001196,malhotra.sneha.father@example.com,malhotra.sneha.mother@example.com,Business,Homemaker
STU20240197,Reddy Sr.,Mrs. Reddy,9000000197,9000001197,reddy.tanvi.father@example.com,reddy.tanvi.mother@example.com,Business,Homemaker
STU20240198,Kapoor Sr.,Mrs. Kapoor,9000000198,9000001198,kapoor.vikram.father@example.com,kapoor.vikram.mother@example.com,Business,Homemaker
STU20240199,Das Sr.,Mrs. Das,9000000199,9000001199,das.meera.father@example.com,das.meera.mother@example.com,Business,Homemaker
STU20240200,Sen Sr.,Mrs. Sen,9000000200,9000001200,sen.sana.father@example.com,sen.sana.mother@example.com,Business,Homemaker
STU20240201,Sharma Sr.,Mrs. Sharma,9000000201,9000001201,sharma.aarav.father@example.com,sharma.aarav.mother@example.com,Business,Homemaker
STU20240202,Verma Sr.,Mrs. Verma,9000000202,9000001202,verma.arjun.father@example.com,verma.arjun.mother@example.com,Business,Homemaker
STU20240203,Singh Sr.,Mrs. Singh,9000000203,9000001203,singh.advait.father@example.com,singh.advait.mother@example.com,Business,Homemaker
STU20240204,Khan Sr.,Mrs. Khan,9000000204,9000001204,khan.aisha.father@example.com,khan.aisha.mother@example.com,Business,Homemaker
STU20240205,Gupta Sr.,Mrs. Gupta,9000000205,9000001205,gupta.diya.father@example.com,gupta.diya.mother@example.com,Business,Homemaker
STU20240206,Patel Sr.,Mrs. Patel,9000000206,9000001206,patel.isha.father@example.com,patel.isha.mother@example.com,Business,Homemaker
STU20240207,Rao Sr.,Mrs. Rao,9000000207,9000001207,rao.kabir.father@example.com,rao.kabir.mother@example.com,Business,Homemaker
STU20240208,Iyer Sr.,Mrs. Iyer,9000000208,9000001208,iyer.riya.father@example.com,iyer.riya.mother@example.com,Business,Homemaker
STU20240209,Mehta Sr.,Mrs. Mehta,9000000209,9000001209,mehta.vivaan.father@example.com,mehta.vivaan.mother@example.com,Business,Homemaker
STU20240210,Bose Sr.,Mrs. Bose,9000000210,9000001210,bose.karan.father@example.com,bose.karan.mother@example.com,Business,Homemaker
STU20240211,Nair Sr.,Mrs. Nair,9000000211,9000001211,nair.sahil.father@example.com,nair.sahil.mother@example.com,Business,Homemaker
STU20240212,Joshi Sr.,Mrs. Joshi,9000000212,9000001212,joshi.nisha.father@example.com,joshi.nisha.mother@example.com,Business,Homemaker
STU20240213,Desai Sr.,Mrs. Desai,9000000213,9000001213,desai.ananya.father@example.com,desai.ananya.mother@example.com,Business,Homemaker
STU20240214,Kumar Sr.,Mrs. Kumar,9000000214,9000001214,kumar.rohit.father@example.com,kumar.rohit.mother@example.com,Business,Homemaker
STU20240215,Chopra Sr.,Mrs. Chopra,9000000215,9000001215,chopra.priya.father@example.com,chopra.priya.mother@example.com,Business,Homemaker
STU20240216,Malhotra Sr.,Mrs. Malhotra,9000000216,9000001216,malhotra.sneha.father@example.com,malhotra.sneha.mother@example.com,Business,Homemaker
STU20240217,Reddy Sr.,Mrs. Reddy,9000000217,9000001217,reddy.tanvi.father@example.com,reddy.tanvi.mother@example.com,Business,Homemaker
STU20240218,Kapoor Sr.,Mrs. Kapoor,9000000218,9000001218,kapoor.vikram.father@example.com,kapoor.vikram.mother@example.com,Business,Homemaker
STU20240219,Das Sr.,Mrs. Das,9000000219,9000001219,das.meera.father@example.com,das.meera.mother@example.com,Business,Homemaker
STU20240220,Sen Sr.,Mrs. Sen,9000000220,9000001220,sen.sana.father@example.com,sen.sana.mother@example.com,Business,Homemaker
STU20240221,Sharma Sr.,Mrs. Sharma,9000000221,9000001221,sharma.aarav.father@example.com,sharma.aarav.mother@example.com,Business,Homemaker
STU20240222,Verma Sr.,Mrs. Verma,9000000222,9000001222,verma.arjun.father@example.com,verma.arjun.mother@example.com,Business,Homemaker
STU20240223,Singh Sr.,Mrs. Singh,9000000223,9000001223,singh.advait.father@example.com,singh.advait.mother@example.com,Business,Homemaker
STU20240224,Khan Sr.,Mrs. Khan,9000000224,9000001224,khan.aisha.father@example.com,khan.aisha.mother@example.com,Business,Homemaker
STU20240225,Gupta Sr.,Mrs. Gupta,9000000225,9000001225,gupta.diya.father@example.com,gupta.diya.mother@example.com,Business,Homemaker
STU20240226,Patel Sr.,Mrs. Patel,9000000226,9000001226,patel.isha.father@example.com,patel.isha.mother@example.com,Business,Homemaker
STU20240227,Rao Sr.,Mrs. Rao,9000000227,9000001227,rao.kabir.father@example.com,rao.kabir.mother@example.com,Business,Homemaker
STU20240228,Iyer Sr.,Mrs. Iyer,9000000228,9000001228,iyer.riya.father@example.com,iyer.riya.mother@example.com,Business,Homemaker
STU20240229,Mehta Sr.,Mrs. Mehta,9000000229,9000001229,mehta.vivaan.father@example.com,mehta.vivaan.mother@example.com,Business,Homemaker
STU20240230,Bose Sr.,Mrs. Bose,9000000230,9000001230,bose.karan.father@example.com,bose.karan.mother@example.com,Business,Homemaker
STU20240231,Nair Sr.,Mrs. Nair,9000000231,9000001231,nair.sahil.father@example.com,nair.sahil.mother@example.com,Business,Homemaker
STU20240232,Joshi Sr.,Mrs. Joshi,9000000232,9000001232,joshi.nisha.father@example.com,joshi.nisha.mother@example.com,Business,Homemaker
STU20240233,Desai Sr.,Mrs. Desai,9000000233,9000001233,desai.ananya.father@example.com,desai.ananya.mother@example.com,Business,Homemaker
STU20240234,Kumar Sr.,Mrs. Kumar,9000000234,9000001234,kumar.rohit.father@example.com,kumar.rohit.mother@example.com,Business,Homemaker
STU20240235,Chopra Sr.,Mrs. Chopra,9000000235,9000001235,chopra.priya.father@example.com,chopra.priya.mother@example.com,Business,Homemaker
STU20240236,Malhotra Sr.,Mrs. Malhotra,9000000236,9000001236,malhotra.sneha.father@example.com,malhotra.sneha.mother@example.com,Business,Homemaker
STU20240237,Reddy Sr.,Mrs. Reddy,9000000237,9000001237,reddy.tanvi.father@example.com,reddy.tanvi.mother@example.com,Business,Homemaker
STU20240238,Kapoor Sr.,Mrs. Kapoor,9000000238,9000001238,kapoor.vikram.father@example.com,kapoor.vikram.mother@example.com,Business,Homemaker
STU20240239,Das Sr.,Mrs. Das,9000000239,9000001239,das.meera.father@example.com,das.meera.mother@example.com,Business,Homemaker
STU20240240,Sen Sr.,Mrs. Sen,9000000240,9000001240,sen.sana.father@example.com,sen.sana.mother@example.com,Business,Homemaker
STU20240241,Sharma Sr.,Mrs. Sharma,9000000241,9000001241,sharma.aarav.father@example.com,sharma.aarav.mother@example.com,Business,Homemaker
STU20240242,Verma Sr.,Mrs. Verma,9000000242,9000001242,verma.arjun.father@example.com,verma.arjun.mother@example.com,Business,Homemaker
STU20240243,Singh Sr.,Mrs. Singh,9000000243,9000001243,singh.advait.father@example.com,singh.advait.mother@example.com,Business,Homemaker
STU20240244,Khan Sr.,Mrs. Khan,9000000244,9000001244,khan.aisha.father@example.com,khan.aisha.mother@example.com,Business,Homemaker
STU20240245,Gupta Sr.,Mrs. Gupta,9000000245,9000001245,gupta.diya.father@example.com,gupta.diya.mother@example.com,Business,Homemaker
STU20240246,Patel Sr.,Mrs. Patel,9000000246,9000001246,patel.isha.father@example.com,patel.isha.mother@example.com,Business,Homemaker
STU20240247,Rao Sr.,Mrs. Rao,9000000247,9000001247,rao.kabir.father@example.com,rao.kabir.mother@example.com,Business,Homemaker
STU20240248,Iyer Sr.,Mrs. Iyer,9000000248,9000001248,iyer.riya.father@example.com,iyer.riya.mother@example.com,Business,Homemaker
STU20240249,Mehta Sr.,Mrs. Mehta,9000000249,9000001249,mehta.vivaan.father@example.com,mehta.vivaan.mother@example.com,Business,Homemaker
STU20240250,Bose Sr.,Mrs. Bose,9000000250,9000001250,bose.karan.father@example.com,bose.karan.mother@example.com,Business,Homemaker
STU20240251,Nair Sr.,Mrs. Nair,9000000251,9000001251,nair.sahil.father@example.com,nair.sahil.mother@example.com,Business,Homemaker
STU20240252,Joshi Sr.,Mrs. Joshi,9000000252,9000001252,joshi.nisha.father@example.com,joshi.nisha.mother@example.com,Business,Homemaker
STU20240253,Desai Sr.,Mrs. Desai,9000000253,9000001253,desai.ananya.father@example.com,desai.ananya.mother@example.com,Business,Homemaker
STU20240254,Kumar Sr.,Mrs. Kumar,9000000254,9000001254,kumar.rohit.father@example.com,kumar.rohit.mother@example.com,Business,Homemaker
STU20240255,Chopra Sr.,Mrs. Chopra,9000000255,9000001255,chopra.priya.father@example.com,chopra.priya.mother@example.com,Business,Homemaker
STU20240256,Malhotra Sr.,Mrs. Malhotra,9000000256,9000001256,malhotra.sneha.father@example.com,malhotra.sneha.mother@example.com,Business,Homemaker
STU20240257,Reddy Sr.,Mrs. Reddy,9000000257,9000001257,reddy.tanvi.father@example.com,reddy.tanvi.mother@example.com,Business,Homemaker
STU20240258,Kapoor Sr.,Mrs. Kapoor,9000000258,9000001258,kapoor.vikram.father@example.com,kapoor.vikram.mother@example.com,Business,Homemaker
STU20240259,Das Sr.,Mrs. Das,9000000259,9000001259,das.meera.father@example.com,das.meera.mother@example.com,Business,Homemaker
STU20240260,Sen Sr.,Mrs. Sen,9000000260,9000001260,sen.sana.father@example.com,sen.sana.mother@example.com,Business,Homemaker
STU20240261,Sharma Sr.,Mrs. Sharma,9000000261,9000001261,sharma.aarav.father@example.com,sharma.aarav.mother@example.com,Business,Homemaker
STU20240262,Verma Sr.,Mrs. Verma,9000000262,9000001262,verma.arjun.father@example.com,verma.arjun.mother@example.com,Business,Homemaker
STU20240263,Singh Sr.,Mrs. Singh,9000000263,9000001263,singh.advait.father@example.com,singh.advait.mother@example.com,Business,Homemaker
STU20240264,Khan Sr.,Mrs. Khan,9000000264,9000001264,khan.aisha.father@example.com,khan.aisha.mother@example.com,Business,Homemaker
STU20240265,Gupta Sr.,Mrs. Gupta,9000000265,9000001265,gupta.diya.father@example.com,gupta.diya.mother@example.com,Business,Homemaker
STU20240266,Patel Sr.,Mrs. Patel,9000000266,9000001266,patel.isha.father@example.com,patel.isha.mother@example.com,Business,Homemaker
STU20240267,Rao Sr.,Mrs. Rao,9000000267,9000001267,rao.kabir.father@example.com,rao.kabir.mother@example.com,Business,Homemaker
STU20240268,Iyer Sr.,Mrs. Iyer,9000000268,9000001268,iyer.riya.father@example.com,iyer.riya.mother@example.com,Business,Homemaker
STU20240269,Mehta Sr.,Mrs. Mehta,9000000269,9000001269,mehta.vivaan.father@example.com,mehta.vivaan.mother@example.com,Business,Homemaker
STU20240270,Bose Sr.,Mrs. Bose,9000000270,9000001270,bose.karan.father@example.com,bose.karan.mother@example.com,Business,Homemaker
STU20240271,Nair Sr.,Mrs. Nair,9000000271,9000001271,nair.sahil.father@example.com,nair.sahil.mother@example.com,Business,Homemaker
STU20240272,Joshi Sr.,Mrs. Joshi,9000000272,9000001272,joshi.nisha.father@example.com,joshi.nisha.mother@example.com,Business,Homemaker
STU20240273,Desai Sr.,Mrs. Desai,9000000273,9000001273,desai.ananya.father@example.com,desai.ananya.mother@example.com,Business,Homemaker
STU20240274,Kumar Sr.,Mrs. Kumar,9000000274,9000001274,kumar.rohit.father@example.com,kumar.rohit.mother@example.com,Business,Homemaker
STU20240275,Chopra Sr.,Mrs. Chopra,9000000275,9000001275,chopra.priya.father@example.com,chopra.priya.mother@example.com,Business,Homemaker
STU20240276,Malhotra Sr.,Mrs. Malhotra,9000000276,9000001276,malhotra.sneha.father@example.com,malhotra.sneha.mother@example.com,Business,Homemaker
STU20240277,Reddy Sr.,Mrs. Reddy,9000000277,9000001277,reddy.tanvi.father@example.com,reddy.tanvi.mother@example.com,Business,Homemaker
STU20240278,Kapoor Sr.,Mrs. Kapoor,9000000278,9000001278,kapoor.vikram.father@example.com,kapoor.vikram.mother@example.com,Business,Homemaker
STU20240279,Das Sr.,Mrs. Das,9000000279,9000001279,das.meera.father@example.com,das.meera.mother@example.com,Business,Homemaker
STU20240280,Sen Sr.,Mrs. Sen,9000000280,9000001280,sen.sana.father@example.com,sen.sana.mother@example.com,Business,Homemaker
STU20240281,Sharma Sr.,Mrs. Sharma,9000000281,9000001281,sharma.aarav.father@example.com,sharma.aarav.mother@example.com,Business,Homemaker
STU20240282,Verma Sr.,Mrs. Verma,9000000282,9000001282,verma.arjun.father@example.com,verma.arjun.mother@example.com,Business,Homemaker
STU20240283,Singh Sr.,Mrs. Singh,9000000283,9000001283,singh.advait.father@example.com,singh.advait.mother@example.com,Business,Homemaker
STU20240284,Khan Sr.,Mrs. Khan,9000000284,9000001284,khan.aisha.father@example.com,khan.aisha.mother@example.com,Business,Homemaker
STU20240285,Gupta Sr.,Mrs. Gupta,9000000285,9000001285,gupta.diya.father@example.com,gupta.diya.mother@example.com,Business,Homemaker
STU20240286,Patel Sr.,Mrs. Patel,9000000286,9000001286,patel.isha.father@example.com,patel.isha.mother@example.com,Business,Homemaker
STU20240287,Rao Sr.,Mrs. Rao,9000000287,9000001287,rao.kabir.father@example.com,rao.kabir.mother@example.com,Business,Homemaker
STU20240288,Iyer Sr.,Mrs. Iyer,9000000288,9000001288,iyer.riya.father@example.com,iyer.riya.mother@example.com,Business,Homemaker
STU20240289,Mehta Sr.,Mrs. Mehta,9000000289,9000001289,mehta.vivaan.father@example.com,mehta.vivaan.mother@example.com,Business,Homemaker
STU20240290,Bose Sr.,Mrs. Bose,9000000290,9000001290,bose.karan.father@example.com,bose.karan.mother@example.com,Business,Homemaker
STU20240291,Nair Sr.,Mrs. Nair,9000000291,9000001291,nair.sahil.father@example.com,nair.sahil.mother@example.com,Business,Homemaker
STU20240292,Joshi Sr.,Mrs. Joshi,9000000292,9000001292,joshi.nisha.father@example.com,joshi.nisha.mother@example.com,Business,Homemaker
STU20240293,Desai Sr.,Mrs. Desai,9000000293,9000001293,desai.ananya.father@example.com,desai.ananya.mother@example.com,Business,Homemaker
STU20240294,Kumar Sr.,Mrs. Kumar,9000000294,9000001294,kumar.rohit.father@example.com,kumar.rohit.mother@example.com,Business,Homemaker
STU20240295,Chopra Sr.,Mrs. Chopra,9000000295,9000001295,chopra.priya.father@example.com,chopra.priya.mother@example.com,Business,Homemaker
STU20240296,Malhotra Sr.,Mrs. Malhotra,9000000296,9000001296,malhotra.sneha.father@example.com,malhotra.sneha.mother@example.com,Business,Homemaker
STU20240297,Reddy Sr.,Mrs. Reddy,9000000297,9000001297,reddy.tanvi.father@example.com,reddy.tanvi.mother@example.com,Business,Homemaker
STU20240298,Kapoor Sr.,Mrs. Kapoor,9000000298,9000001298,kapoor.vikram.father@example.com,kapoor.vikram.mother@example.com,Business,Homemaker
STU20240299,Das Sr.,Mrs. Das,9000000299,9000001299,das.meera.father@example.com,das.meera.mother@example.com,Business,Homemaker
STU20240300,Sen Sr.,Mrs. Sen,9000000300,9000001300,sen.sana.father@example.com,sen.sana.mother@example.com,Business,Homemaker
STU20240301,Sharma Sr.,Mrs. Sharma,9000000301,9000001301,sharma.aarav.father@example.com,sharma.aarav.mother@example.com,Business,Homemaker
STU20240302,Verma Sr.,Mrs. Verma,9000000302,9000001302,verma.arjun.father@example.com,verma.arjun.mother@example.com,Business,Homemaker
STU20240303,Singh Sr.,Mrs. Singh,9000000303,9000001303,singh.advait.father@example.com,singh.advait.mother@example.com,Business,Homemaker
STU20240304,Khan Sr.,Mrs. Khan,9000000304,9000001304,khan.aisha.father@example.com,khan.aisha.mother@example.com,Business,Homemaker
STU20240305,Gupta Sr.,Mrs. Gupta,9000000305,9000001305,gupta.diya.father@example.com,gupta.diya.mother@example.com,Business,Homemaker
STU20240306,Patel Sr.,Mrs. Patel,9000000306,9000001306,patel.isha.father@example.com,patel.isha.mother@example.com,Business,Homemaker
STU20240307,Rao Sr.,Mrs. Rao,9000000307,9000001307,rao.kabir.father@example.com,rao.kabir.mother@example.com,Business,Homemaker
STU20240308,Iyer Sr.,Mrs. Iyer,9000000308,9000001308,iyer.riya.father@example.com,iyer.riya.mother@example.com,Business,Homemaker
STU20240309,Mehta Sr.,Mrs. Mehta,9000000309,9000001309,mehta.vivaan.father@example.com,mehta.vivaan.mother@example.com,Business,Homemaker
STU20240310,Bose Sr.,Mrs. Bose,9000000310,9000001310,bose.karan.father@example.com,bose.karan.mother@example.com,Business,Homemaker
STU20240311,Nair Sr.,Mrs. Nair,9000000311,9000001311,nair.sahil.father@example.com,nair.sahil.mother@example.com,Business,Homemaker
STU20240312,Joshi Sr.,Mrs. Joshi,9000000312,9000001312,joshi.nisha.father@example.com,joshi.nisha.mother@example.com,Business,Homemaker
STU20240313,Desai Sr.,Mrs. Desai,9000000313,9000001313,desai.ananya.father@example.com,desai.ananya.mother@example.com,Business,Homemaker
STU20240314,Kumar Sr.,Mrs. Kumar,9000000314,9000001314,kumar.rohit.father@example.com,kumar.rohit.mother@example.com,Business,Homemaker
STU20240315,Chopra Sr.,Mrs. Chopra,9000000315,9000001315,chopra.priya.father@example.com,chopra.priya.mother@example.com,Business,Homemaker
STU20240316,Malhotra Sr.,Mrs. Malhotra,9000000316,9000001316,malhotra.sneha.father@example.com,malhotra.sneha.mother@example.com,Business,Homemaker
STU20240317,Reddy Sr.,Mrs. Reddy,9000000317,9000001317,reddy.tanvi.father@example.com,reddy.tanvi.mother@example.com,Business,Homemaker
STU20240318,Kapoor Sr.,Mrs. Kapoor,9000000318,9000001318,kapoor.vikram.father@example.com,kapoor.vikram.mother@example.com,Business,Homemaker
STU20240319,Das Sr.,Mrs. Das,9000000319,9000001319,das.meera.father@example.com,das.meera.mother@example.com,Business,Homemaker
STU20240320,Sen Sr.,Mrs. Sen,9000000320,9000001320,sen.sana.father@example.com,sen.sana.mother@example.com,Business,Homemaker
STU20240321,Sharma Sr.,Mrs. Sharma,9000000321,9000001321,sharma.aarav.father@example.com,sharma.aarav.mother@example.com,Business,Homemaker
STU20240322,Verma Sr.,Mrs. Verma,9000000322,9000001322,verma.arjun.father@example.com,verma.arjun.mother@example.com,Business,Homemaker
STU20240323,Singh Sr.,Mrs. Singh,9000000323,9000001323,singh.advait.father@example.com,singh.advait.mother@example.com,Business,Homemaker
STU20240324,Khan Sr.,Mrs. Khan,9000000324,9000001324,khan.aisha.father@example.com,khan.aisha.mother@example.com,Business,Homemaker
STU20240325,Gupta Sr.,Mrs. Gupta,9000000325,9000001325,gupta.diya.father@example.com,gupta.diya.mother@example.com,Business,Homemaker
STU20240326,Patel Sr.,Mrs. Patel,9000000326,9000001326,patel.isha.father@example.com,patel.isha.mother@example.com,Business,Homemaker
STU20240327,Rao Sr.,Mrs. Rao,9000000327,9000001327,rao.kabir.father@example.com,rao.kabir.mother@example.com,Business,Homemaker
STU20240328,Iyer Sr.,Mrs. Iyer,9000000328,9000001328,iyer.riya.father@example.com,iyer.riya.mother@example.com,Business,Homemaker
STU20240329,Mehta Sr.,Mrs. Mehta,9000000329,9000001329,mehta.vivaan.father@example.com,mehta.vivaan.mother@example.com,Business,Homemaker
STU20240330,Bose Sr.,Mrs. Bose,9000000330,9000001330,bose.karan.father@example.com,bose.karan.mother@example.com,Business,Homemaker
STU20240331,Nair Sr.,Mrs. Nair,9000000331,9000001331,nair.sahil.father@example.com,nair.sahil.mother@example.com,Business,Homemaker
STU20240332,Joshi Sr.,Mrs. Joshi,9000000332,9000001332,joshi.nisha.father@example.com,joshi.nisha.mother@example.com,Business,Homemaker
STU20240333,Desai Sr.,Mrs. Desai,9000000333,9000001333,desai.ananya.father@example.com,desai.ananya.mother@example.com,Business,Homemaker
STU20240334,Kumar Sr.,Mrs. Kumar,9000000334,9000001334,kumar.rohit.father@example.com,kumar.rohit.mother@example.com,Business,Homemaker
STU20240335,Chopra Sr.,Mrs. Chopra,9000000335,9000001335,chopra.priya.father@example.com,chopra.priya.mother@example.com,Business,Homemaker
STU20240336,Malhotra Sr.,Mrs. Malhotra,9000000336,9000001336,malhotra.sneha.father@example.com,malhotra.sneha.mother@example.com,Business,Homemaker
STU20240337,Reddy Sr.,Mrs. Reddy,9000000337,9000001337,reddy.tanvi.father@example.com,reddy.tanvi.mother@example.com,Business,Homemaker
STU20240338,Kapoor Sr.,Mrs. Kapoor,9000000338,9000001338,kapoor.vikram.father@example.com,kapoor.vikram.mother@example.com,Business,Homemaker
STU20240339,Das Sr.,Mrs. Das,9000000339,9000001339,das.meera.father@example.com,das.meera.mother@example.com,Business,Homemaker
STU20240340,Sen Sr.,Mrs. Sen,9000000340,9000001340,sen.sana.father@example.com,sen.sana.mother@example.com,Business,Homemaker
STU20240341,Sharma Sr.,Mrs. Sharma,9000000341,9000001341,sharma.aarav.father@example.com,sharma.aarav.mother@example.com,Business,Homemaker
STU20240342,Verma Sr.,Mrs. Verma,9000000342,9000001342,verma.arjun.father@example.com,verma.arjun.mother@example.com,Business,Homemaker
STU20240343,Singh Sr.,Mrs. Singh,9000000343,9000001343,singh.advait.father@example.com,singh.advait.mother@example.com,Business,Homemaker
STU20240344,Khan Sr.,Mrs. Khan,9000000344,9000001344,khan.aisha.father@example.com,khan.aisha.mother@example.com,Business,Homemaker
STU20240345,Gupta Sr.,Mrs. Gupta,9000000345,9000001345,gupta.diya.father@example.com,gupta.diya.mother@example.com,Business,Homemaker
STU20240346,Patel Sr.,Mrs. Patel,9000000346,9000001346,patel.isha.father@example.com,patel.isha.mother@example.com,Business,Homemaker
STU20240347,Rao Sr.,Mrs. Rao,9000000347,9000001347,rao.kabir.father@example.com,rao.kabir.mother@example.com,Business,Homemaker
STU20240348,Iyer Sr.,Mrs. Iyer,9000000348,9000001348,iyer.riya.father@example.com,iyer.riya.mother@example.com,Business,Homemaker
STU20240349,Mehta Sr.,Mrs. Mehta,9000000349,9000001349,mehta.vivaan.father@example.com,mehta.vivaan.mother@example.com,Business,Homemaker
STU20240350,Bose Sr.,Mrs. Bose,9000000350,9000001350,bose.karan.father@example.com,bose.karan.mother@example.com,Business,Homemaker
STU20240351,Nair Sr.,Mrs. Nair,9000000351,9000001351,nair.sahil.father@example.com,nair.sahil.mother@example.com,Business,Homemaker
STU20240352,Joshi Sr.,Mrs. Joshi,9000000352,9000001352,joshi.nisha.father@example.com,joshi.nisha.mother@example.com,Business,Homemaker
STU20240353,Desai Sr.,Mrs. Desai,9000000353,9000001353,desai.ananya.father@example.com,desai.ananya.mother@example.com,Business,Homemaker
STU20240354,Kumar Sr.,Mrs. Kumar,9000000354,9000001354,kumar.rohit.father@example.com,kumar.rohit.mother@example.com,Business,Homemaker
STU20240355,Chopra Sr.,Mrs. Chopra,9000000355,9000001355,chopra.priya.father@example.com,chopra.priya.mother@example.com,Business,Homemaker
STU20240356,Malhotra Sr.,Mrs. Malhotra,9000000356,9000001356,malhotra.sneha.father@example.com,malhotra.sneha.mother@example.com,Business,Homemaker
STU20240357,Reddy Sr.,Mrs. Reddy,9000000357,9000001357,reddy.tanvi.father@example.com,reddy.tanvi.mother@example.com,Business,Homemaker
STU20240358,Kapoor Sr.,Mrs. Kapoor,9000000358,9000001358,kapoor.vikram.father@example.com,kapoor.vikram.mother@example.com,Business,Homemaker
STU20240359,Das Sr.,Mrs. Das,9000000359,9000001359,das.meera.father@example.com,das.meera.mother@example.com,Business,Homemaker
STU20240360,Sen Sr.,Mrs. Sen,9000000360,9000001360,sen.sana.father@example.com,sen.sana.mother@example.com,Business,Homemaker
STU20240361,Sharma Sr.,Mrs. Sharma,9000000361,9000001361,sharma.aarav.father@example.com,sharma.aarav.mother@example.com,Business,Homemaker
STU20240362,Verma Sr.,Mrs. Verma,9000000362,9000001362,verma.arjun.father@example.com,verma.arjun.mother@example.com,Business,Homemaker
STU20240363,Singh Sr.,Mrs. Singh,9000000363,9000001363,singh.advait.father@example.com,singh.advait.mother@example.com,Business,Homemaker
STU20240364,Khan Sr.,Mrs. Khan,9000000364,9000001364,khan.aisha.father@example.com,khan.aisha.mother@example.com,Business,Homemaker
STU20240365,Gupta Sr.,Mrs. Gupta,9000000365,9000001365,gupta.diya.father@example.com,gupta.diya.mother@example.com,Business,Homemaker
STU20240366,Patel Sr.,Mrs. Patel,9000000366,9000001366,patel.isha.father@example.com,patel.isha.mother@example.com,Business,Homemaker
STU20240367,Rao Sr.,Mrs. Rao,9000000367,9000001367,rao.kabir.father@example.com,rao.kabir.mother@example.com,Business,Homemaker
STU20240368,Iyer Sr.,Mrs. Iyer,9000000368,9000001368,iyer.riya.father@example.com,iyer.riya.mother@example.com,Business,Homemaker
STU20240369,Mehta Sr.,Mrs. Mehta,9000000369,9000001369,mehta.vivaan.father@example.com,mehta.vivaan.mother@example.com,Business,Homemaker
STU20240370,Bose Sr.,Mrs. Bose,9000000370,9000001370,bose.karan.father@example.com,bose.karan.mother@example.com,Business,Homemaker
STU20240371,Nair Sr.,Mrs. Nair,9000000371,9000001371,nair.sahil.father@example.com,nair.sahil.mother@example.com,Business,Homemaker
STU20240372,Joshi Sr.,Mrs. Joshi,9000000372,9000001372,joshi.nisha.father@example.com,joshi.nisha.mother@example.com,Business,Homemaker
STU20240373,Desai Sr.,Mrs. Desai,9000000373,9000001373,desai.ananya.father@example.com,desai.ananya.mother@example.com,Business,Homemaker
STU20240374,Kumar Sr.,Mrs. Kumar,9000000374,9000001374,kumar.rohit.father@example.com,kumar.rohit.mother@example.com,Business,Homemaker
STU20240375,Chopra Sr.,Mrs. Chopra,9000000375,9000001375,chopra.priya.father@example.com,chopra.priya.mother@example.com,Business,Homemaker
STU20240376,Malhotra Sr.,Mrs. Malhotra,9000000376,9000001376,malhotra.sneha.father@example.com,malhotra.sneha.mother@example.com,Business,Homemaker
STU20240377,Reddy Sr.,Mrs. Reddy,9000000377,9000001377,reddy.tanvi.father@example.com,reddy.tanvi.mother@example.com,Business,Homemaker
STU20240378,Kapoor Sr.,Mrs. Kapoor,9000000378,9000001378,kapoor.vikram.father@example.com,kapoor.vikram.mother@example.com,Business,Homemaker
STU20240379,Das Sr.,Mrs. Das,9000000379,9000001379,das.meera.father@example.com,das.meera.mother@example.com,Business,Homemaker
STU20240380,Sen Sr.,Mrs. Sen,9000000380,9000001380,sen.sana.father@example.com,sen.sana.mother@example.com,Business,Homemaker
STU20240381,Sharma Sr.,Mrs. Sharma,9000000381,9000001381,sharma.aarav.father@example.com,sharma.aarav.mother@example.com,Business,Homemaker
STU20240382,Verma Sr.,Mrs. Verma,9000000382,9000001382,verma.arjun.father@example.com,verma.arjun.mother@example.com,Business,Homemaker
STU20240383,Singh Sr.,Mrs. Singh,9000000383,9000001383,singh.advait.father@example.com,singh.advait.mother@example.com,Business,Homemaker
STU20240384,Khan Sr.,Mrs. Khan,9000000384,9000001384,khan.aisha.father@example.com,khan.aisha.mother@example.com,Business,Homemaker
STU20240385,Gupta Sr.,Mrs. Gupta,9000000385,9000001385,gupta.diya.father@example.com,gupta.diya.mother@example.com,Business,Homemaker
STU20240386,Patel Sr.,Mrs. Patel,9000000386,9000001386,patel.isha.father@example.com,patel.isha.mother@example.com,Business,Homemaker
STU20240387,Rao Sr.,Mrs. Rao,9000000387,9000001387,rao.kabir.father@example.com,rao.kabir.mother@example.com,Business,Homemaker
STU20240388,Iyer Sr.,Mrs. Iyer,9000000388,9000001388,iyer.riya.father@example.com,iyer.riya.mother@example.com,Business,Homemaker
STU20240389,Mehta Sr.,Mrs. Mehta,9000000389,9000001389,mehta.vivaan.father@example.com,mehta.vivaan.mother@example.com,Business,Homemaker
STU20240390,Bose Sr.,Mrs. Bose,9000000390,9000001390,bose.karan.father@example.com,bose.karan.mother@example.com,Business,Homemaker
STU20240391,Nair Sr.,Mrs. Nair,9000000391,9000001391,nair.sahil.father@example.com,nair.sahil.mother@example.com,Business,Homemaker
STU20240392,Joshi Sr.,Mrs. Joshi,9000000392,9000001392,joshi.nisha.father@example.com,joshi.nisha.mother@example.com,Business,Homemaker
STU20240393,Desai Sr.,Mrs. Desai,9000000393,9000001393,desai.ananya.father@example.com,desai.ananya.mother@example.com,Business,Homemaker
STU20240394,Kumar Sr.,Mrs. Kumar,9000000394,9000001394,kumar.rohit.father@example.com,kumar.rohit.mother@example.com,Business,Homemaker
STU20240395,Chopra Sr.,Mrs. Chopra,9000000395,9000001395,chopra.priya.father@example.com,chopra.priya.mother@example.com,Business,Homemaker
STU20240396,Malhotra Sr.,Mrs. Malhotra,9000000396,9000001396,malhotra.sneha.father@example.com,malhotra.sneha.mother@example.com,Business,Homemaker
STU20240397,Reddy Sr.,Mrs. Reddy,9000000397,9000001397,reddy.tanvi.father@example.com,reddy.tanvi.mother@example.com,Business,Homemaker
STU20240398,Kapoor Sr.,Mrs. Kapoor,9000000398,9000001398,kapoor.vikram.father@example.com,kapoor.vikram.mother@example.com,Business,Homemaker
STU20240399,Das Sr.,Mrs. Das,9000000399,9000001399,das.meera.father@example.com,das.meera.mother@example.com,Business,Homemaker
STU20240400,Sen Sr.,Mrs. Sen,9000000400,9000001400,sen.sana.father@example.com,sen.sana.mother@example.com,Business,Homemaker
STU20240401,Sharma Sr.,Mrs. Sharma,9000000401,9000001401,sharma.aarav.father@example.com,sharma.aarav.mother@example.com,Business,Homemaker
STU20240402,Verma Sr.,Mrs. Verma,9000000402,9000001402,verma.arjun.father@example.com,verma.arjun.mother@example.com,Business,Homemaker
STU20240403,Singh Sr.,Mrs. Singh,9000000403,9000001403,singh.advait.father@example.com,singh.advait.mother@example.com,Business,Homemaker
STU20240404,Khan Sr.,Mrs. Khan,9000000404,9000001404,khan.aisha.father@example.com,khan.aisha.mother@example.com,Business,Homemaker
STU20240405,Gupta Sr.,Mrs. Gupta,9000000405,9000001405,gupta.diya.father@example.com,gupta.diya.mother@example.com,Business,Homemaker
STU20240406,Patel Sr.,Mrs. Patel,9000000406,9000001406,patel.isha.father@example.com,patel.isha.mother@example.com,Business,Homemaker
STU20240407,Rao Sr.,Mrs. Rao,9000000407,9000001407,rao.kabir.father@example.com,rao.kabir.mother@example.com,Business,Homemaker
STU20240408,Iyer Sr.,Mrs. Iyer,9000000408,9000001408,iyer.riya.father@example.com,iyer.riya.mother@example.com,Business,Homemaker
STU20240409,Mehta Sr.,Mrs. Mehta,9000000409,9000001409,mehta.vivaan.father@example.com,mehta.vivaan.mother@example.com,Business,Homemaker
STU20240410,Bose Sr.,Mrs. Bose,9000000410,9000001410,bose.karan.father@example.com,bose.karan.mother@example.com,Business,Homemaker
STU20240411,Nair Sr.,Mrs. Nair,9000000411,9000001411,nair.sahil.father@example.com,nair.sahil.mother@example.com,Business,Homemaker
STU20240412,Joshi Sr.,Mrs. Joshi,9000000412,9000001412,joshi.nisha.father@example.com,joshi.nisha.mother@example.com,Business,Homemaker
STU20240413,Desai Sr.,Mrs. Desai,9000000413,9000001413,desai.ananya.father@example.com,desai.ananya.mother@example.com,Business,Homemaker
STU20240414,Kumar Sr.,Mrs. Kumar,9000000414,9000001414,kumar.rohit.father@example.com,kumar.rohit.mother@example.com,Business,Homemaker
STU20240415,Chopra Sr.,Mrs. Chopra,9000000415,9000001415,chopra.priya.father@example.com,chopra.priya.mother@example.com,Business,Homemaker
STU20240416,Malhotra Sr.,Mrs. Malhotra,9000000416,9000001416,malhotra.sneha.father@example.com,malhotra.sneha.mother@example.com,Business,Homemaker
STU20240417,Reddy Sr.,Mrs. Reddy,9000000417,9000001417,reddy.tanvi.father@example.com,reddy.tanvi.mother@example.com,Business,Homemaker
STU20240418,Kapoor Sr.,Mrs. Kapoor,9000000418,9000001418,kapoor.vikram.father@example.com,kapoor.vikram.mother@example.com,Business,Homemaker
STU20240419,Das Sr.,Mrs. Das,9000000419,9000001419,das.meera.father@example.com,das.meera.mother@example.com,Business,Homemaker
STU20240420,Sen Sr.,Mrs. Sen,9000000420,9000001420,sen.sana.father@example.com,sen.sana.mother@example.com,Business,Homemaker
STU20240421,Sharma Sr.,Mrs. Sharma,9000000421,9000001421,sharma.aarav.father@example.com,sharma.aarav.mother@example.com,Business,Homemaker
STU20240422,Verma Sr.,Mrs. Verma,9000000422,9000001422,verma.arjun.father@example.com,verma.arjun.mother@example.com,Business,Homemaker
STU20240423,Singh Sr.,Mrs. Singh,9000000423,9000001423,singh.advait.father@example.com,singh.advait.mother@example.com,Business,Homemaker
STU20240424,Khan Sr.,Mrs. Khan,9000000424,9000001424,khan.aisha.father@example.com,khan.aisha.mother@example.com,Business,Homemaker
STU20240425,Gupta Sr.,Mrs. Gupta,9000000425,9000001425,gupta.diya.father@example.com,gupta.diya.mother@example.com,Business,Homemaker
STU20240426,Patel Sr.,Mrs. Patel,9000000426,9000001426,patel.isha.father@example.com,patel.isha.mother@example.com,Business,Homemaker
STU20240427,Rao Sr.,Mrs. Rao,9000000427,9000001427,rao.kabir.father@example.com,rao.kabir.mother@example.com,Business,Homemaker
STU20240428,Iyer Sr.,Mrs. Iyer,9000000428,9000001428,iyer.riya.father@example.com,iyer.riya.mother@example.com,Business,Homemaker
STU20240429,Mehta Sr.,Mrs. Mehta,9000000429,9000001429,mehta.vivaan.father@example.com,mehta.vivaan.mother@example.com,Business,Homemaker
STU20240430,Bose Sr.,Mrs. Bose,9000000430,9000001430,bose.karan.father@example.com,bose.karan.mother@example.com,Business,Homemaker
STU20240431,Nair Sr.,Mrs. Nair,9000000431,9000001431,nair.sahil.father@example.com,nair.sahil.mother@example.com,Business,Homemaker
STU20240432,Joshi Sr.,Mrs. Joshi,9000000432,9000001432,joshi.nisha.father@example.com,joshi.nisha.mother@example.com,Business,Homemaker
STU20240433,Desai Sr.,Mrs. Desai,9000000433,9000001433,desai.ananya.father@example.com,desai.ananya.mother@example.com,Business,Homemaker
STU20240434,Kumar Sr.,Mrs. Kumar,9000000434,9000001434,kumar.rohit.father@example.com,kumar.rohit.mother@example.com,Business,Homemaker
STU20240435,Chopra Sr.,Mrs. Chopra,9000000435,9000001435,chopra.priya.father@example.com,chopra.priya.mother@example.com,Business,Homemaker
STU20240436,Malhotra Sr.,Mrs. Malhotra,9000000436,9000001436,malhotra.sneha.father@example.com,malhotra.sneha.mother@example.com,Business,Homemaker
STU20240437,Reddy Sr.,Mrs. Reddy,9000000437,9000001437,reddy.tanvi.father@example.com,reddy.tanvi.mother@example.com,Business,Homemaker
STU20240438,Kapoor Sr.,Mrs. Kapoor,9000000438,9000001438,kapoor.vikram.father@example.com,kapoor.vikram.mother@example.com,Business,Homemaker
STU20240439,Das Sr.,Mrs. Das,9000000439,9000001439,das.meera.father@example.com,das.meera.mother@example.com,Business,Homemaker
STU20240440,Sen Sr.,Mrs. Sen,9000000440,9000001440,sen.sana.father@example.com,sen.sana.mother@example.com,Business,Homemaker
STU20240441,Sharma Sr.,Mrs. Sharma,9000000441,9000001441,sharma.aarav.father@example.com,sharma.aarav.mother@example.com,Business,Homemaker
STU20240442,Verma Sr.,Mrs. Verma,9000000442,9000001442,verma.arjun.father@example.com,verma.arjun.mother@example.com,Business,Homemaker
STU20240443,Singh Sr.,Mrs. Singh,9000000443,9000001443,singh.advait.father@example.com,singh.advait.mother@example.com,Business,Homemaker
STU20240444,Khan Sr.,Mrs. Khan,9000000444,9000001444,khan.aisha.father@example.com,khan.aisha.mother@example.com,Business,Homemaker
STU20240445,Gupta Sr.,Mrs. Gupta,9000000445,9000001445,gupta.diya.father@example.com,gupta.diya.mother@example.com,Business,Homemaker
STU20240446,Patel Sr.,Mrs. Patel,9000000446,9000001446,patel.isha.father@example.com,patel.isha.mother@example.com,Business,Homemaker
STU20240447,Rao Sr.,Mrs. Rao,9000000447,9000001447,rao.kabir.father@example.com,rao.kabir.mother@example.com,Business,Homemaker
STU20240448,Iyer Sr.,Mrs. Iyer,9000000448,9000001448,iyer.riya.father@example.com,iyer.riya.mother@example.com,Business,Homemaker
STU20240449,Mehta Sr.,Mrs. Mehta,9000000449,9000001449,mehta.vivaan.father@example.com,mehta.vivaan.mother@example.com,Business,Homemaker
STU20240450,Bose Sr.,Mrs. Bose,9000000450,9000001450,bose.karan.father@example.com,bose.karan.mother@example.com,Business,Homemaker
STU20240451,Nair Sr.,Mrs. Nair,9000000451,9000001451,nair.sahil.father@example.com,nair.sahil.mother@example.com,Business,Homemaker
STU20240452,Joshi Sr.,Mrs. Joshi,9000000452,9000001452,joshi.nisha.father@example.com,joshi.nisha.mother@example.com,Business,Homemaker
STU20240453,Desai Sr.,Mrs. Desai,9000000453,9000001453,desai.ananya.father@example.com,desai.ananya.mother@example.com,Business,Homemaker
STU20240454,Kumar Sr.,Mrs. Kumar,9000000454,9000001454,kumar.rohit.father@example.com,kumar.rohit.mother@example.com,Business,Homemaker
STU20240455,Chopra Sr.,Mrs. Chopra,9000000455,9000001455,chopra.priya.father@example.com,chopra.priya.mother@example.com,Business,Homemaker
STU20240456,Malhotra Sr.,Mrs. Malhotra,9000000456,9000001456,malhotra.sneha.father@example.com,malhotra.sneha.mother@example.com,Business,Homemaker
STU20240457,Reddy Sr.,Mrs. Reddy,9000000457,9000001457,reddy.tanvi.father@example.com,reddy.tanvi.mother@example.com,Business,Homemaker
STU20240458,Kapoor Sr.,Mrs. Kapoor,9000000458,9000001458,kapoor.vikram.father@example.com,kapoor.vikram.mother@example.com,Business,Homemaker
STU20240459,Das Sr.,Mrs. Das,9000000459,9000001459,das.meera.father@example.com,das.meera.mother@example.com,Business,Homemaker
STU20240460,Sen Sr.,Mrs. Sen,9000000460,9000001460,sen.sana.father@example.com,sen.sana.mother@example.com,Business,Homemaker
STU20240461,Sharma Sr.,Mrs. Sharma,9000000461,9000001461,sharma.aarav.father@example.com,sharma.aarav.mother@example.com,Business,Homemaker
STU20240462,Verma Sr.,Mrs. Verma,9000000462,9000001462,verma.arjun.father@example.com,verma.arjun.mother@example.com,Business,Homemaker
STU20240463,Singh Sr.,Mrs. Singh,9000000463,9000001463,singh.advait.father@example.com,singh.advait.mother@example.com,Business,Homemaker
STU20240464,Khan Sr.,Mrs. Khan,9000000464,9000001464,khan.aisha.father@example.com,khan.aisha.mother@example.com,Business,Homemaker
STU20240465,Gupta Sr.,Mrs. Gupta,9000000465,9000001465,gupta.diya.father@example.com,gupta.diya.mother@example.com,Business,Homemaker
STU20240466,Patel Sr.,Mrs. Patel,9000000466,9000001466,patel.isha.father@example.com,patel.isha.mother@example.com,Business,Homemaker
STU20240467,Rao Sr.,Mrs. Rao,9000000467,9000001467,rao.kabir.father@example.com,rao.kabir.mother@example.com,Business,Homemaker
STU20240468,Iyer Sr.,Mrs. Iyer,9000000468,9000001468,iyer.riya.father@example.com,iyer.riya.mother@example.com,Business,Homemaker
STU20240469,Mehta Sr.,Mrs. Mehta,9000000469,9000001469,mehta.vivaan.father@example.com,mehta.vivaan.mother@example.com,Business,Homemaker
STU20240470,Bose Sr.,Mrs. Bose,9000000470,9000001470,bose.karan.father@example.com,bose.karan.mother@example.com,Business,Homemaker
STU20240471,Nair Sr.,Mrs. Nair,9000000471,9000001471,nair.sahil.father@example.com,nair.sahil.mother@example.com,Business,Homemaker
STU20240472,Joshi Sr.,Mrs. Joshi,9000000472,9000001472,joshi.nisha.father@example.com,joshi.nisha.mother@example.com,Business,Homemaker
STU20240473,Desai Sr.,Mrs. Desai,9000000473,9000001473,desai.ananya.father@example.com,desai.ananya.mother@example.com,Business,Homemaker
STU20240474,Kumar Sr.,Mrs. Kumar,9000000474,9000001474,kumar.rohit.father@example.com,kumar.rohit.mother@example.com,Business,Homemaker
STU20240475,Chopra Sr.,Mrs. Chopra,9000000475,9000001475,chopra.priya.father@example.com,chopra.priya.mother@example.com,Business,Homemaker
STU20240476,Malhotra Sr.,Mrs. Malhotra,9000000476,9000001476,malhotra.sneha.father@example.com,malhotra.sneha.mother@example.com,Business,Homemaker
STU20240477,Reddy Sr.,Mrs. Reddy,9000000477,9000001477,reddy.tanvi.father@example.com,reddy.tanvi.mother@example.com,Business,Homemaker
STU20240478,Kapoor Sr.,Mrs. Kapoor,9000000478,9000001478,kapoor.vikram.father@example.com,kapoor.vikram.mother@example.com,Business,Homemaker
STU20240479,Das Sr.,Mrs. Das,9000000479,9000001479,das.meera.father@example.com,das.meera.mother@example.com,Business,Homemaker
STU20240480,Sen Sr.,Mrs. Sen,9000000480,9000001480,sen.sana.father@example.com,sen.sana.mother@example.com,Business,Homemaker
STU20240481,Sharma Sr.,Mrs. Sharma,9000000481,9000001481,sharma.aarav.father@example.com,sharma.aarav.mother@example.com,Business,Homemaker
STU20240482,Verma Sr.,Mrs. Verma,9000000482,9000001482,verma.arjun.father@example.com,verma.arjun.mother@example.com,Business,Homemaker
STU20240483,Singh Sr.,Mrs. Singh,9000000483,9000001483,singh.advait.father@example.com,singh.advait.mother@example.com,Business,Homemaker
STU20240484,Khan Sr.,Mrs. Khan,9000000484,9000001484,khan.aisha.father@example.com,khan.aisha.mother@example.com,Business,Homemaker
STU20240485,Gupta Sr.,Mrs. Gupta,9000000485,9000001485,gupta.diya.father@example.com,gupta.diya.mother@example.com,Business,Homemaker
STU20240486,Patel Sr.,Mrs. Patel,9000000486,9000001486,patel.isha.father@example.com,patel.isha.mother@example.com,Business,Homemaker
STU20240487,Rao Sr.,Mrs. Rao,9000000487,9000001487,rao.kabir.father@example.com,rao.kabir.mother@example.com,Business,Homemaker
STU20240488,Iyer Sr.,Mrs. Iyer,9000000488,9000001488,iyer.riya.father@example.com,iyer.riya.mother@example.com,Business,Homemaker
STU20240489,Mehta Sr.,Mrs. Mehta,9000000489,9000001489,mehta.vivaan.father@example.com,mehta.vivaan.mother@example.com,Business,Homemaker
STU20240490,Bose Sr.,Mrs. Bose,9000000490,9000001490,bose.karan.father@example.com,bose.karan.mother@example.com,Business,Homemaker
STU20240491,Nair Sr.,Mrs. Nair,9000000491,9000001491,nair.sahil.father@example.com,nair.sahil.mother@example.com,Business,Homemaker
STU20240492,Joshi Sr.,Mrs. Joshi,9000000492,9000001492,joshi.nisha.father@example.com,joshi.nisha.mother@example.com,Business,Homemaker
STU20240493,Desai Sr.,Mrs. Desai,9000000493,9000001493,desai.ananya.father@example.com,desai.ananya.mother@example.com,Business,Homemaker
STU20240494,Kumar Sr.,Mrs. Kumar,9000000494,9000001494,kumar.rohit.father@example.com,kumar.rohit.mother@example.com,Business,Homemaker
STU20240495,Chopra Sr.,Mrs. Chopra,9000000495,9000001495,chopra.priya.father@example.com,chopra.priya.mother@example.com,Business,Homemaker
STU20240496,Malhotra Sr.,Mrs. Malhotra,9000000496,9000001496,malhotra.sneha.father@example.com,malhotra.sneha.mother@example.com,Business,Homemaker
STU20240497,Reddy Sr.,Mrs. Reddy,9000000497,9000001497,reddy.tanvi.father@example.com,reddy.tanvi.mother@example.com,Business,Homemaker
STU20240498,Kapoor Sr.,Mrs. Kapoor,9000000498,9000001498,kapoor.vikram.father@example.com,kapoor.vikram.mother@example.com,Business,Homemaker
STU20240499,Das Sr.,Mrs. Das,9000000499,9000001499,das.meera.father@example.com,das.meera.mother@example.com,Business,Homemaker
STU20240500,Sen Sr.,Mrs. Sen,9000000500,9000001500,sen.sana.father@example.com,sen.sana.mother@example.com,Business,Homemaker
